"Year";"Correlation";"Traffic"
2018;0.15548470901355;"Usmrtení"
2018;0.0594812006776492;"Zranení"
2018;0.0459506602220329;"Celková dopravná nehodovosť"
