"Year";"Correlation";"Traffic"
2017;-0.246471849068186;"Usmrtení"
2017;0.0698493242595257;"Celková dopravná nehodovosť"
2017;0.00318303586471696;"Zranení"
