"Year";"Correlation";"Traffic"
"2013-2018";0.0831870972761837;"Zranení"
"2013-2018";0.0656017773091925;"Celková dopravná nehodovosť"
"2013-2018";-0.0349931886024675;"Usmrtení"
