"Year";"Correlation";"Traffic"
"2010-2018";-0.289335056487607;"Celková dopravná nehodovosť"
"2010-2018";-0.127583296963075;"Zranení"
"2010-2018";0.0585934957455358;"Usmrtení"
