"Year";"Correlation";"Traffic"
"2012-2017";-0.0681702601160607;"Celková dopravná nehodovosť"
"2012-2017";0.053017786563403;"Usmrtení"
"2012-2017";-0.0213620523972753;"Zranení"
