"Year";"Correlation";"Traffic"
"2016-2018";0.127584973464937;"Usmrtení"
"2016-2018";-0.100672540654381;"Zranení"
"2016-2018";-0.0957381526786709;"Celková dopravná nehodovosť"
