"Year";"Correlation";"Traffic"
2015;0.112010501004215;"Usmrtení"
2015;-0.0858786187636969;"Celková dopravná nehodovosť"
2015;0.00156886522171869;"Zranení"
