"Year";"Correlation";"Traffic"
2010;-0.12751991045824;"Zranení"
2010;0.00766021322526867;"Usmrtení"
2010;-0.00222461165891128;"Celková dopravná nehodovosť"
