"Year";"Correlation";"Traffic"
2012;-0.177572327713982;"Usmrtení"
2012;-0.076422341603817;"Celková dopravná nehodovosť"
2012;-0.0133350112786283;"Zranení"
