"Year";"Correlation";"Traffic"
"2014-2016";-0.143032450548644;"Celková dopravná nehodovosť"
"2014-2016";0.0744673784889549;"Usmrtení"
"2014-2016";-0.0530072084040586;"Zranení"
