"Year";"Correlation";"Traffic"
"2011-2013";0.0694177642331616;"Usmrtení"
"2011-2013";0.0530937963446946;"Zranení"
"2011-2013";0.0385488619397888;"Celková dopravná nehodovosť"
