"Year";"Correlation";"Traffic"
"2013-2018";0.0358616814112349;"Usmrtení"
"2013-2018";0.0159013440947955;"Celková dopravná nehodovosť"
"2013-2018";0.00892137502117466;"Zranení"
