"Year";"Correlation";"Traffic"
"2013-2015";-0.0861285212746709;"Zranení"
"2013-2015";0.0479032052978707;"Usmrtení"
"2013-2015";0.0173015886162238;"Celková dopravná nehodovosť"
