"Year";"Correlation";"Traffic"
"2010-2012";-0.150373943211776;"Celková dopravná nehodovosť"
"2010-2012";-0.106362511097224;"Usmrtení"
"2010-2012";-0.104737040794456;"Zranení"
