"Year";"Correlation";"Traffic"
2010;-0.101183311115762;"Usmrtení"
2010;-0.0753137356323885;"Celková dopravná nehodovosť"
2010;0.0733845499479909;"Zranení"
