"Year";"Correlation";"Traffic"
2018;0.299727380474308;"Celková dopravná nehodovosť"
2018;0.113566286901889;"Zranení"
2018;0.0656327300966646;"Usmrtení"
