"Year";"Correlation";"Traffic"
2017;0.255895203264369;"Usmrtení"
2017;0.155543698013297;"Celková dopravná nehodovosť"
2017;0.138637026945593;"Zranení"
