"Year";"Correlation";"Traffic"
2015;-0.178791926059144;"Zranení"
2015;0.0831585874896962;"Usmrtení"
2015;0.0105466601915286;"Celková dopravná nehodovosť"
