"Year";"Correlation";"Traffic"
2012;-0.199725102772911;"Celková dopravná nehodovosť"
2012;-0.157702612679332;"Usmrtení"
2012;-0.103907803716132;"Zranení"
