"Year";"Correlation";"Traffic"
2016;-0.226415122502451;"Zranení"
2016;-0.128464783552565;"Usmrtení"
2016;-0.111833221583196;"Celková dopravná nehodovosť"
