"Year";"Correlation";"Traffic"
2015;0.158873820681696;"Usmrtení"
2015;-0.0687687033903765;"Zranení"
2015;-0.018054578896461;"Celková dopravná nehodovosť"
