"Year";"Correlation";"Traffic"
2016;-0.116577431206529;"Zranení"
2016;-0.0936733837783611;"Celková dopravná nehodovosť"
2016;0.0901839566334014;"Usmrtení"
