"Year";"Correlation";"Traffic"
2012;-0.181588442391652;"Zranení"
2012;-0.152445333042599;"Celková dopravná nehodovosť"
2012;-0.0511295705244108;"Usmrtení"
