"Year";"Correlation";"Traffic"
2018;0.0820823682304559;"Zranení"
2018;-0.0424169978128342;"Usmrtení"
2018;0.0296514429193369;"Celková dopravná nehodovosť"
