"Year";"Correlation";"Traffic"
2013;0.13622965473425;"Zranení"
2013;-0.12710630626097;"Usmrtení"
2013;0.00946278641696963;"Celková dopravná nehodovosť"
