"Year";"Correlation";"Traffic"
2010;-0.176769469218588;"Celková dopravná nehodovosť"
2010;-0.146197906724177;"Usmrtení"
2010;0.124408087930413;"Zranení"
