"Year";"Correlation";"Traffic"
2012;-0.174066423523153;"Zranení"
2012;-0.161300390611479;"Celková dopravná nehodovosť"
2012;-0.0545920206479136;"Usmrtení"
