"Year";"Correlation";"Traffic"
2015;0.119278827209271;"Usmrtení"
2015;0.0782131985895936;"Celková dopravná nehodovosť"
2015;0.0213993225947436;"Zranení"
