"Year";"Correlation";"Traffic"
2011;-0.104362838636551;"Celková dopravná nehodovosť"
2011;-0.0217247591981536;"Zranení"
2011;-0.00291322132302067;"Usmrtení"
