"Year";"Correlation";"Traffic"
2010;0.1193670292667;"Zranení"
2010;0.0914041191415697;"Usmrtení"
2010;0.0120913933903133;"Celková dopravná nehodovosť"
