"Year";"Correlation"
2010;0.159195762699895
2011;0.277839606124628
2012;0.040849890206698
2013;0.0541766435417982
2014;-0.178529059536924
2015;-0.515635920869678
2016;-0.27202046808134
