"Year";"Correlation";"Traffic"
2010;0.159195762699895;"Usmrtení"
2010;0.152216984714016;"Celková dopravná nehodovosť"
2010;0.0809192586439651;"Zranení"
