"Year";"Correlation";"Traffic"
2016;-0.421500085255771;"Celková dopravná nehodovosť"
2016;-0.27202046808134;"Usmrtení"
2016;-0.243426770251429;"Zranení"
