"Year";"Correlation";"Traffic"
2013;0.0841015863270918;"Celková dopravná nehodovosť"
2013;0.0541766435417982;"Usmrtení"
2013;0.0463913165887618;"Zranení"
