"Year";"Correlation";"Traffic"
2014;-0.178529059536924;"Usmrtení"
2014;-0.173834589674184;"Celková dopravná nehodovosť"
2014;-0.0108676696984867;"Zranení"
