"Year";"Correlation";"Traffic"
2015;-0.515635920869678;"Usmrtení"
2015;-0.486018112275243;"Celková dopravná nehodovosť"
2015;-0.25665208448062;"Zranení"
