"Year";"Correlation";"Traffic"
2011;0.35119514978337;"Zranení"
2011;0.277839606124628;"Usmrtení"
2011;-0.03836529164522;"Celková dopravná nehodovosť"
