"Year";"Correlation";"Traffic"
2011;0.136144887006181;"Zranení"
2011;-0.0715920108945092;"Celková dopravná nehodovosť"
2011;-0.0678366565101919;"Usmrtení"
