"Year";"Correlation";"Traffic"
2016;0.158756945351369;"Usmrtení"
2016;0.027578022265257;"Zranení"
2016;0.00317703204916883;"Celková dopravná nehodovosť"
