"Year";"Correlation";"Traffic"
2014;0.216105907111477;"Celková dopravná nehodovosť"
2014;0.215630913542699;"Zranení"
2014;-0.058331943966158;"Usmrtení"
