"Year";"Correlation";"Traffic"
"2011-2013";-0.107290816760341;"Celková dopravná nehodovosť"
"2011-2013";-0.0863242816764815;"Usmrtení"
"2011-2013";0.020773357588353;"Zranení"
