"Year";"Correlation";"Traffic"
2011;0.0793515526332757;"Celková dopravná nehodovosť"
2011;0.0509210917778159;"Usmrtení"
2011;0.0409045377268464;"Zranení"
