"Year";"Correlation";"Traffic"
2010;0.145733843306468;"Zranení"
2010;0.105694691101748;"Usmrtení"
2010;0.0628690820501917;"Celková dopravná nehodovosť"
