"Year";"Correlation";"Traffic"
"2010-2015";-0.593221355318525;"Celková dopravná nehodovosť"
"2010-2015";-0.278203227337872;"Zranení"
"2010-2015";-0.0166320314017144;"Usmrtení"
