"Year";"Correlation";"Traffic"
2011;-0.168222245529384;"Celková dopravná nehodovosť"
2011;-0.0932259223853301;"Usmrtení"
2011;0.0196818189976674;"Zranení"
