"Year";"Correlation";"Traffic"
2017;0.198265862547195;"Usmrtení"
2017;0.128570868242037;"Zranení"
2017;-0.0535639173876173;"Celková dopravná nehodovosť"
