"Year";"Correlation";"Traffic"
2014;0.206667613339158;"Zranení"
2014;0.0465960926802702;"Celková dopravná nehodovosť"
2014;-0.0350375774649348;"Usmrtení"
