"Year";"Correlation";"Traffic"
2015;0.092643823570526;"Usmrtení"
2015;-0.0621982553936375;"Zranení"
2015;0.0143570922938062;"Celková dopravná nehodovosť"
