"Year";"Correlation";"Traffic"
2018;-0.0661552852224204;"Zranení"
2018;-0.063747545268753;"Celková dopravná nehodovosť"
2018;-0.0028560803236343;"Usmrtení"
