"Year";"Correlation";"Traffic"
2012;-0.186498029965879;"Zranení"
2012;-0.130792029496254;"Celková dopravná nehodovosť"
2012;-0.126441800339447;"Usmrtení"
