"Year";"Correlation";"Traffic"
2010;-0.193153934785644;"Usmrtení"
2010;-0.117272720730339;"Celková dopravná nehodovosť"
2010;0.0897077413851727;"Zranení"
