"Year";"Correlation";"Traffic"
2014;0.201811603729265;"Zranení"
2014;0.117066801704761;"Celková dopravná nehodovosť"
2014;0.0175162333776564;"Usmrtení"
