"Year";"Correlation";"Traffic"
2017;0.276077437126705;"Usmrtení"
2017;0.186028927456016;"Zranení"
2017;-0.0407624859118887;"Celková dopravná nehodovosť"
