"Year";"Correlation";"Traffic"
2013;-0.148158230783865;"Usmrtení"
2013;0.0530092410971198;"Zranení"
2013;-0.047718115271336;"Celková dopravná nehodovosť"
