"Year";"Correlation";"Traffic"
"2010-2016";-0.473454403562393;"Celková dopravná nehodovosť"
"2010-2016";-0.190191033677587;"Zranení"
"2010-2016";-0.0015010863282722;"Usmrtení"
