"Year";"Correlation";"Traffic"
2011;0.104590447478333;"Celková dopravná nehodovosť"
2011;-0.0267726898982799;"Zranení"
2011;-0.00391601436939321;"Usmrtení"
