"Year";"Correlation";"Traffic"
2010;0.1679219475058;"Usmrtení"
2010;-0.0918345486678197;"Zranení"
2010;0.0818338463998429;"Celková dopravná nehodovosť"
