"Year";"Correlation";"Traffic"
"2011-2013";0.114026726896959;"Zranení"
"2011-2013";-0.0867425124849558;"Celková dopravná nehodovosť"
"2011-2013";0.0784584847793092;"Usmrtení"
