"Year";"Correlation";"Traffic"
"2011-2016";0.0900711527838733;"Celková dopravná nehodovosť"
"2011-2016";0.078899215913076;"Zranení"
"2011-2016";0.0396653160077701;"Usmrtení"
