"Year";"Correlation";"Traffic"
2012;0.131121416804282;"Usmrtení"
2012;-0.0870976350208061;"Celková dopravná nehodovosť"
2012;0.0450315330456031;"Zranení"
