"Year";"Correlation";"Traffic"
2011;-0.104391620904814;"Celková dopravná nehodovosť"
2011;-0.0222453304602561;"Zranení"
2011;-0.00295904745783171;"Usmrtení"
