"Year";"Correlation";"Traffic"
2013;0.182436269216525;"Celková dopravná nehodovosť"
2013;-0.096281813792561;"Usmrtení"
2013;0.0473964931786744;"Zranení"
