"Year";"Correlation";"Traffic"
2010;0.120407659024992;"Zranení"
2010;0.0940578710140718;"Usmrtení"
2010;0.0117251287582749;"Celková dopravná nehodovosť"
