"Year";"Correlation";"Traffic"
2016;0.0726824434479802;"Usmrtení"
2016;0.0693539537912416;"Celková dopravná nehodovosť"
2016;-0.02040101501768;"Zranení"
