"Year";"Correlation";"Traffic"
2017;0.183805761334845;"Zranení"
2017;0.138105612729578;"Usmrtení"
2017;-0.0782711350256708;"Celková dopravná nehodovosť"
