"Year";"Correlation"
2010;0.0940578710140718
2011;-0.00295904745783171
2012;0.131121416804282
2013;-0.096281813792561
2014;0.059149967376338
2015;0.0123005148426979
2016;0.0726824434479802
