"Year";"Correlation";"Traffic"
"2012-2017";-0.0682703204264515;"Celková dopravná nehodovosť"
"2012-2017";-0.0158661989064545;"Zranení"
"2012-2017";-0.01451477424828;"Usmrtení"
