"Year";"Correlation";"Traffic"
"2013-2015";0.0455733460766644;"Usmrtení"
"2013-2015";0.0139610085181335;"Zranení"
"2013-2015";-0.0120316613887719;"Celková dopravná nehodovosť"
