"Year";"Correlation";"Traffic"
"2013-2015";-0.153973189438487;"Celková dopravná nehodovosť"
"2013-2015";0.0604522451176818;"Usmrtení"
"2013-2015";-0.0455097193098361;"Zranení"
