"Year";"Correlation";"Traffic"
"2010-2018";-0.0603422272027044;"Celková dopravná nehodovosť"
"2010-2018";-0.0218059711597164;"Zranení"
"2010-2018";-0.011000814711119;"Usmrtení"
