"Year";"Correlation"
2010;-0.158666792017607
2011;-0.0516814594269238
2012;-0.165912638378908
2013;0.0174343592739958
2014;0.304198387957789
2015;0.0337846821909167
2016;0.0176051103656954
