"Year";"Correlation";"Traffic"
2010;0.186864245792478;"Celková dopravná nehodovosť"
2010;0.0973444618211536;"Zranení"
2010;0.0611441299605018;"Usmrtení"
