"Year";"Correlation";"Traffic"
2014;-0.321305700081633;"Celková dopravná nehodovosť"
2014;-0.103846593720832;"Usmrtení"
2014;-0.00871484628669538;"Zranení"
