"Year";"Correlation";"Traffic"
2017;0.263754669717291;"Usmrtení"
2017;0.176068899910664;"Celková dopravná nehodovosť"
2017;0.153580433969558;"Zranení"
