"Year";"Correlation";"Traffic"
2016;-0.0921701649084511;"Zranení"
2016;-0.0718037884405399;"Usmrtení"
2016;0.0669254424929471;"Celková dopravná nehodovosť"
