"Year";"Correlation";"Traffic"
2018;0.436610286030608;"Celková dopravná nehodovosť"
2018;0.3235509053345;"Usmrtení"
2018;0.257975577681657;"Zranení"
