"Year";"Correlation";"Traffic"
2010;-0.0913213712508939;"Celková dopravná nehodovosť"
2010;-0.0666706821743897;"Usmrtení"
2010;-0.046074718027885;"Zranení"
