"Year";"Correlation";"Traffic"
2014;-0.275590780339731;"Celková dopravná nehodovosť"
2014;0.133678368434309;"Usmrtení"
2014;-0.0586830896618162;"Zranení"
