"Year";"Correlation";"Traffic"
2015;0.108435414514422;"Usmrtení"
2015;0.105958569256176;"Celková dopravná nehodovosť"
2015;-0.0832309982142773;"Zranení"
