"Year";"Correlation";"Traffic"
"2012-2014";-0.0628604982806196;"Celková dopravná nehodovosť"
"2012-2014";-0.0387406551039946;"Zranení"
"2012-2014";0.0362784913833621;"Usmrtení"
