"Year";"Correlation";"Traffic"
2014;0.335094826886326;"Celková dopravná nehodovosť"
2014;0.133863260581435;"Zranení"
2014;0.0267151909315987;"Usmrtení"
