"Year";"Correlation";"Traffic"
2018;-0.258728223509734;"Celková dopravná nehodovosť"
2018;-0.0604464115443409;"Usmrtení"
2018;0.0189598342437502;"Zranení"
