"Year";"Correlation";"Traffic"
2017;0.0405247841563264;"Celková dopravná nehodovosť"
2017;-0.0140843918657109;"Zranení"
2017;-0.00643023905284614;"Usmrtení"
