"Year";"Correlation";"Traffic"
2016;-0.210841752429939;"Zranení"
2016;-0.181007003446655;"Celková dopravná nehodovosť"
2016;-0.00349668633868454;"Usmrtení"
