"Year";"Correlation";"Traffic"
2013;-0.271140990588771;"Celková dopravná nehodovosť"
2013;-0.179575101484843;"Usmrtení"
2013;-0.0909850179787952;"Zranení"
