"Year";"Correlation";"Traffic"
"2013-2018";-0.171903352537677;"Celková dopravná nehodovosť"
"2013-2018";-0.0767799984612156;"Zranení"
"2013-2018";-0.00975422468824463;"Usmrtení"
