"Year";"Correlation";"Traffic"
2014;-0.14085040198853;"Zranení"
2014;0.119245728700817;"Usmrtení"
2014;-0.0809781818660184;"Celková dopravná nehodovosť"
