"Year";"Correlation";"Traffic"
2015;0.152207977795512;"Zranení"
2015;0.0902098933343418;"Celková dopravná nehodovosť"
2015;-0.0512093461132764;"Usmrtení"
