Week;Nehodovost;Solar;
1.tyzden.2018;178;67.314286
2.tyzden.2018;211;68.342857
3.tyzden.2018;312;68.014286
4.tyzden.2018;220;67.557143
5.tyzden.2018;229;67.485714
6.tyzden.2018;198;75.028571
7.tyzden.2018;234;71.542857
8.tyzden.2018;198;66.914286
9.tyzden.2018;228;66.885714
10.tyzden.2018;235;66.528571
11.tyzden.2018;229;67.942857
12.tyzden.2018;200;68.228571
13.tyzden.2018;228;68.428571
14.tyzden.2018;231;67.671429
15.tyzden.2018;267;69.671429
16.tyzden.2018;268;72.857143
17.tyzden.2018;273;71.885714
18.tyzden.2018;257;68.928571
19.tyzden.2018;248;71.285714
20.tyzden.2018;269;71.300000
21.tyzden.2018;263;74.814286
22.tyzden.2018;281;77.314286
23.tyzden.2018;276;71.700000
24.tyzden.2018;256;73.185714
25.tyzden.2018;287;80.528571
26.tyzden.2018;263;72.185714
27.tyzden.2018;306;71.600000
28.tyzden.2018;262;74.857143
29.tyzden.2018;283;72.785714
30.tyzden.2018;277;68.985714
31.tyzden.2018;289;71.671429
32.tyzden.2018;291;71.000000
33.tyzden.2018;261;69.571429
34.tyzden.2018;299;71.171429
35.tyzden.2018;253;70.114286
36.tyzden.2018;275;68.942857
37.tyzden.2018;301;70.014286
38.tyzden.2018;291;68.242857
39.tyzden.2018;271;68.642857
40.tyzden.2018;261;68.528571
41.tyzden.2018;298;70.385714
42.tyzden.2018;298;69.528571
43.tyzden.2018;288;68.971429
44.tyzden.2018;250;66.457143
45.tyzden.2018;254;67.671429
46.tyzden.2018;244;68.228571
47.tyzden.2018;286;68.057143
48.tyzden.2018;285;66.514286
49.tyzden.2018;282;67.957143
50.tyzden.2018;329;68.485714
51.tyzden.2018;344;68.157143
52.tyzden.2018;168;66.857143
