"Year";"Correlation";"Traffic"
"2014-2016";0.12877772256335;"Usmrtení"
"2014-2016";-0.0403424452245679;"Zranení"
"2014-2016";-0.00277974057958201;"Celková dopravná nehodovosť"
