"Year";"Correlation";"Traffic"
"2012-2017";-0.0540027523851699;"Celková dopravná nehodovosť"
"2012-2017";-0.010200174481324;"Usmrtení"
"2012-2017";0.000359847458117409;"Zranení"
