"Year";"Correlation";"Traffic"
"2010-2018";-0.14299288722571;"Celková dopravná nehodovosť"
"2010-2018";-0.0826625570309379;"Zranení"
"2010-2018";0.0627793154743121;"Usmrtení"
