Week;Nehodovost;AE;
1.tyzden.2013;185;31.361111
2.tyzden.2013;254;63.071429
3.tyzden.2013;259;129.583333
4.tyzden.2013;231;96.690476
5.tyzden.2013;271;69.369048
6.tyzden.2013;276;89.714286
7.tyzden.2013;242;159.482143
8.tyzden.2013;226;151.654762
9.tyzden.2013;210;172.005952
10.tyzden.2013;202;67.678572
11.tyzden.2013;263;180.744048
12.tyzden.2013;230;128.619048
13.tyzden.2013;272;211.476190
14.tyzden.2013;160;86.136905
15.tyzden.2013;232;72.279762
16.tyzden.2013;252;55.916667
17.tyzden.2013;253;221.523810
18.tyzden.2013;230;233.744048
19.tyzden.2013;249;118.750000
20.tyzden.2013;243;268.297619
21.tyzden.2013;240;337.738095
22.tyzden.2013;238;257.976191
23.tyzden.2013;241;273.809524
24.tyzden.2013;298;110.720238
25.tyzden.2013;325;272.119047
26.tyzden.2013;242;348.464286
27.tyzden.2013;275;238.333333
28.tyzden.2013;252;420.005952
29.tyzden.2013;274;205.613095
30.tyzden.2013;270;204.696429
31.tyzden.2013;249;146.273810
32.tyzden.2013;296;150.321429
33.tyzden.2013;261;222.952381
34.tyzden.2013;256;223.083333
35.tyzden.2013;249;210.964286
36.tyzden.2013;278;114.386905
37.tyzden.2013;262;106.113095
38.tyzden.2013;281;138.023810
39.tyzden.2013;264;68.047619
40.tyzden.2013;242;121.892857
41.tyzden.2013;269;147.791667
42.tyzden.2013;278;171.857143
43.tyzden.2013;277;39.970238
44.tyzden.2013;236;123.494048
45.tyzden.2013;276;158.285715
46.tyzden.2013;268;139.428571
47.tyzden.2013;308;57.928571
48.tyzden.2013;258;74.303571
49.tyzden.2013;311;108.160714
50.tyzden.2013;247;82.202381
51.tyzden.2013;303;71.279762
52.tyzden.2013;280;64.398148
