"Year";"Correlation";"Traffic"
"2014-2016";-0.152281964248578;"Celková dopravná nehodovosť"
"2014-2016";0.0689419926329512;"Usmrtení"
"2014-2016";-0.029953323385847;"Zranení"
