"Year";"Correlation";"Traffic"
"2011-2016";-0.103215193841725;"Celková dopravná nehodovosť"
"2011-2016";-0.0602881906068752;"Usmrtení"
"2011-2016";-0.0378218710834396;"Zranení"
