"Year";"Correlation";"Traffic"
2018;0.444605040085386;"Celková dopravná nehodovosť"
2018;0.318614576056651;"Usmrtení"
2018;0.25751933805644;"Zranení"
