"Year";"Correlation";"Traffic"
2017;0.263756008460727;"Usmrtení"
2017;0.17606721339872;"Celková dopravná nehodovosť"
2017;0.153566611195181;"Zranení"
