"Year";"Correlation";"Traffic"
2012;-0.237763530211078;"Celková dopravná nehodovosť"
2012;-0.177384431103896;"Usmrtení"
2012;-0.109224718326759;"Zranení"
