"Year";"Correlation";"Traffic"
2014;-0.275749474099161;"Celková dopravná nehodovosť"
2014;0.133699992521756;"Usmrtení"
2014;-0.059701901066054;"Zranení"
