"Year";"Correlation";"Traffic"
2015;0.106343265286187;"Celková dopravná nehodovosť"
2015;0.100202622665989;"Usmrtení"
2015;-0.084681314141104;"Zranení"
