"Year";"Correlation";"Traffic"
2016;0.214883535570051;"Celková dopravná nehodovosť"
2016;0.0877030165571831;"Usmrtení"
2016;0.0180532509355298;"Zranení"
