"Year";"Correlation";"Traffic"
2013;-0.174082218004639;"Zranení"
2013;-0.166490124412864;"Usmrtení"
2013;-0.163618639824199;"Celková dopravná nehodovosť"
