"Year";"Correlation";"Traffic"
2010;-0.0917620935942979;"Celková dopravná nehodovosť"
2010;-0.0669403453246622;"Usmrtení"
2010;-0.045735347875959;"Zranení"
