"Year";"Correlation";"Traffic"
2011;0.240433991238913;"Usmrtení"
2011;-0.204224428838185;"Celková dopravná nehodovosť"
2011;0.195619690973735;"Zranení"
