"Year";"Correlation";"Traffic"
2016;-0.302592065938708;"Celková dopravná nehodovosť"
2016;-0.151177308933779;"Zranení"
2016;-0.136752845701175;"Usmrtení"
