"Year";"Correlation";"Traffic"
2012;0.168261352765409;"Celková dopravná nehodovosť"
2012;-0.126102054457391;"Zranení"
2012;0.0752641648937238;"Usmrtení"
