"Year";"Correlation";"Traffic"
"2011-2013";-0.146657351843128;"Celková dopravná nehodovosť"
"2011-2013";-0.104439625421441;"Usmrtení"
"2011-2013";-0.0645234341606626;"Zranení"
