"Year";"Correlation";"Traffic"
"2016-2018";0.153729182941423;"Usmrtení"
"2016-2018";-0.0282967243440225;"Celková dopravná nehodovosť"
"2016-2018";-0.0170080101723863;"Zranení"
