"Year";"Correlation";"Traffic"
"2012-2017";0.0272001658398493;"Usmrtení"
"2012-2017";-0.01823257428236;"Celková dopravná nehodovosť"
"2012-2017";-0.00672195657981893;"Zranení"
