"Year";"Correlation";"Traffic"
"2013-2015";-0.0341824048738552;"Celková dopravná nehodovosť"
"2013-2015";-0.0305014816973282;"Zranení"
"2013-2015";0.00476132942805468;"Usmrtení"
