"Year";"Correlation"
2010;0.145733843306468
2011;0.0409045377268464
2012;-0.12656637117601
2013;0.00868642441926684
2014;-0.00315353995521429
2015;-0.0550436486452356
2016;0.0245949533106341
