"Year";"Correlation"
2010;-0.030547207369441
2011;-0.0605353873832909
2012;-0.176724937292215
2013;-0.161824491726314
2014;0.129285562096388
2015;0.0847434776909685
2016;0.164926616091679
2017;0.259197501804955
2018;0.340391166330796
