"Year";"Correlation";"Traffic"
"2010-2015";-0.137700842666454;"Celková dopravná nehodovosť"
"2010-2015";-0.125198019384764;"Zranení"
"2010-2015";-0.0482714177163387;"Usmrtení"
