"Year";"Correlation";"Traffic"
"2010-2018";-0.226426480426116;"Celková dopravná nehodovosť"
"2010-2018";-0.115081016323757;"Zranení"
"2010-2018";0.0308283571135364;"Usmrtení"
