"Year";"Correlation"
2010;-0.102677654133806
2011;-0.107436615664244
2012;0.160760748594125
2013;-0.107619805912615
2014;-0.227669704341799
2015;-0.0147882074864
2016;-0.0119371776017244
