"Year";"Correlation";"Traffic"
"2012-2017";0.0290307104385373;"Usmrtení"
"2012-2017";-0.0288363150675059;"Celková dopravná nehodovosť"
"2012-2017";-0.0127070954847859;"Zranení"
