"Year";"Correlation";"Traffic"
"2015-2017";0.190982906135653;"Usmrtení"
"2015-2017";-0.0436565862585876;"Zranení"
"2015-2017";-0.0359684975208269;"Celková dopravná nehodovosť"
