"Year";"Correlation";"Traffic"
"2011-2016";-0.106710583633978;"Celková dopravná nehodovosť"
"2011-2016";-0.0772772434174299;"Zranení"
"2011-2016";-0.0124979902413754;"Usmrtení"
