"Year";"Correlation";"Traffic"
2011;-0.0605353873832909;"Usmrtení"
2011;0.010452826229345;"Celková dopravná nehodovosť"
2011;0.00338191024674689;"Zranení"
