"Year";"Correlation";"Traffic"
"2010-2018";-0.124166784585966;"Celková dopravná nehodovosť"
"2010-2018";-0.0573560375977129;"Zranení"
"2010-2018";-0.00264000125223306;"Usmrtení"
