"Year";"Correlation";"Traffic"
2010;-0.131154066233259;"Zranení"
2010;0.00264116043851016;"Usmrtení"
2010;-0.000925184114292813;"Celková dopravná nehodovosť"
