"Year";"Correlation";"Traffic"
2013;-0.274269086813606;"Celková dopravná nehodovosť"
2013;-0.181007925539868;"Usmrtení"
2013;-0.0905848884877608;"Zranení"
