"Year";"Correlation";"Traffic"
2018;-0.259025861916305;"Celková dopravná nehodovosť"
2018;-0.0605648855681561;"Usmrtení"
2018;0.0173539679769541;"Zranení"
