"Year";"Correlation";"Traffic"
2017;0.0407893729146115;"Celková dopravná nehodovosť"
2017;-0.0141561828795399;"Zranení"
2017;-0.00669999937821652;"Usmrtení"
