"Year";"Correlation";"Traffic"
2014;0.337403570629264;"Celková dopravná nehodovosť"
2014;0.130048826952035;"Zranení"
2014;0.0271586016399327;"Usmrtení"
