"Year";"Correlation";"Traffic"
2012;-0.176230353437234;"Usmrtení"
2012;-0.0723637362331779;"Celková dopravná nehodovosť"
2012;-0.0115625356805277;"Zranení"
