"Year";"Correlation";"Traffic"
"2010-2012";-0.331206628319253;"Celková dopravná nehodovosť"
"2010-2012";-0.13157492836015;"Zranení"
"2010-2012";-0.0222891752768334;"Usmrtení"
