"Year";"Correlation";"Traffic"
"2015-2017";-0.0863866986820926;"Celková dopravná nehodovosť"
"2015-2017";-0.0796372400733716;"Zranení"
"2015-2017";0.0547538367499961;"Usmrtení"
