"Year";"Correlation";"Traffic"
"2011-2016";-0.177605655634783;"Celková dopravná nehodovosť"
"2011-2016";-0.0889468259282803;"Usmrtení"
"2011-2016";-0.0286556551877455;"Zranení"
