"Year";"Correlation";"Traffic"
2014;-0.310665408727855;"Celková dopravná nehodovosť"
2014;0.129228061510351;"Usmrtení"
2014;-0.0778044711457377;"Zranení"
