"Year";"Correlation";"Traffic"
2013;-0.170283970066539;"Zranení"
2013;-0.164611625212426;"Usmrtení"
2013;-0.154981960323844;"Celková dopravná nehodovosť"
