"Year";"Correlation";"Traffic"
2016;0.33543376303396;"Celková dopravná nehodovosť"
2016;0.153736145589358;"Usmrtení"
2016;0.143288089168976;"Zranení"
