"Year";"Correlation";"Traffic"
"2010-2012";0.155924128941422;"Celková dopravná nehodovosť"
"2010-2012";0.0959477140159296;"Usmrtení"
"2010-2012";0.0940681724828215;"Zranení"
