"Year";"Correlation";"Traffic"
2013;-0.194231574794377;"Usmrtení"
2013;-0.0359277838308266;"Celková dopravná nehodovosť"
2013;-0.0342483084818552;"Zranení"
