"Year";"Correlation";"Traffic"
2011;0.186169367086815;"Zranení"
2011;-0.0470225017405888;"Celková dopravná nehodovosť"
2011;-0.0331645265688802;"Usmrtení"
