"Year";"Correlation";"Traffic"
2010;-0.129304924358015;"Usmrtení"
2010;-0.0547153478812729;"Celková dopravná nehodovosť"
2010;0.0472611418307233;"Zranení"
