"Year";"Correlation";"Traffic"
2012;-0.180968773571513;"Zranení"
2012;-0.129323357430318;"Celková dopravná nehodovosť"
2012;-0.105958018116545;"Usmrtení"
