"Year";"Correlation";"Traffic"
2015;0.223327736735004;"Usmrtení"
2015;-0.0688815521175062;"Zranení"
2015;0.0374675458172839;"Celková dopravná nehodovosť"
