"Year";"Correlation";"Traffic"
"2010-2015";-0.092156828508461;"Celková dopravná nehodovosť"
"2010-2015";-0.0597613159586278;"Usmrtení"
"2010-2015";-0.0561323513162145;"Zranení"
