"Year";"Correlation";"Traffic"
"2013-2018";0.0673929845701629;"Usmrtení"
"2013-2018";-0.00912555488798266;"Celková dopravná nehodovosť"
"2013-2018";0.000813428281539018;"Zranení"
