"Year";"Correlation";"Traffic"
2011;-0.0893973079001001;"Usmrtení"
2011;-0.0589666327195635;"Celková dopravná nehodovosť"
2011;-0.0318139452279457;"Zranení"
