"Year";"Correlation";"Traffic"
2012;-0.237763596861855;"Celková dopravná nehodovosť"
2012;-0.177384447178557;"Usmrtení"
2012;-0.109224695381693;"Zranení"
