"Year";"Correlation";"Traffic"
2013;-0.172773106430655;"Zranení"
2013;-0.164654187820683;"Usmrtení"
2013;-0.162091427733078;"Celková dopravná nehodovosť"
