"Year";"Correlation";"Traffic"
"2012-2014";-0.0455321794268907;"Usmrtení"
"2012-2014";-0.044888490654478;"Celková dopravná nehodovosť"
"2012-2014";-0.0176421091875834;"Zranení"
