"Year";"Correlation";"Traffic"
"2014-2016";-0.13847306064328;"Usmrtení"
"2014-2016";-0.0787987691380474;"Celková dopravná nehodovosť"
"2014-2016";-0.0466226125497569;"Zranení"
