"Year";"Correlation";"Traffic"
"2015-2017";-0.199493134536049;"Celková dopravná nehodovosť"
"2015-2017";-0.0380963383758744;"Zranení"
"2015-2017";-0.0317826849803807;"Usmrtení"
