"Year";"Correlation";"Traffic"
"2010-2012";0.28449594417277;"Celková dopravná nehodovosť"
"2010-2012";0.117295210920297;"Zranení"
"2010-2012";0.0481948189733005;"Usmrtení"
