"Year";"Correlation";"Traffic"
"2015-2017";0.146077109137384;"Usmrtení"
"2015-2017";0.101403589008048;"Celková dopravná nehodovosť"
"2015-2017";0.0711427931923938;"Zranení"
