"Year";"Correlation";"Traffic"
"2010-2016";-0.160415279106917;"Celková dopravná nehodovosť"
"2010-2016";-0.15742744503682;"Zranení"
"2010-2016";-0.0500194312681606;"Usmrtení"
