"Year";"Correlation";"Traffic"
"2013-2015";-0.15058531928644;"Celková dopravná nehodovosť"
"2013-2015";0.0672504890337265;"Usmrtení"
"2013-2015";-0.0605898474587208;"Zranení"
