"Year";"Correlation";"Traffic"
"2013-2018";0.117799817761592;"Usmrtení"
"2013-2018";0.0190019445201137;"Zranení"
"2013-2018";-0.0100259705552497;"Celková dopravná nehodovosť"
