"Year";"Correlation";"Traffic"
"2010-2012";-0.28941943126636;"Celková dopravná nehodovosť"
"2010-2012";-0.131342206543096;"Zranení"
"2010-2012";-0.0294486680005017;"Usmrtení"
