"Year";"Correlation";"Traffic"
"2014-2016";0.0745590407743583;"Usmrtení"
"2014-2016";-0.0346905478714786;"Zranení"
"2014-2016";-0.00495843865342843;"Celková dopravná nehodovosť"
