"Year";"Correlation";"Traffic"
"2014-2016";0.166862772038891;"Usmrtení"
"2014-2016";-0.0281961426369216;"Zranení"
"2014-2016";0.00134017496351531;"Celková dopravná nehodovosť"
