"Year";"Correlation";"Traffic"
"2013-2018";0.131800975277634;"Usmrtení"
"2013-2018";-0.0239721442337281;"Celková dopravná nehodovosť"
"2013-2018";-0.00814471499592876;"Zranení"
