"Year";"Correlation";"Traffic"
"2014-2016";-0.0178834143492049;"Zranení"
"2014-2016";0.0171176943054583;"Usmrtení"
"2014-2016";0.00848723101813196;"Celková dopravná nehodovosť"
