"Year";"Correlation";"Traffic"
2013;-0.209025707795839;"Usmrtení"
2013;-0.0658126569240873;"Celková dopravná nehodovosť"
2013;0.0248221094173001;"Zranení"
