"Year";"Correlation";"Traffic"
2016;0.161022363656086;"Usmrtení"
2016;0.0527432209987723;"Celková dopravná nehodovosť"
2016;0.0147430429565728;"Zranení"
