"Year";"Correlation";"Traffic"
2011;-0.0885963911854003;"Usmrtení"
2011;0.0622023562623612;"Zranení"
2011;-0.00869925542881725;"Celková dopravná nehodovosť"
