"Year";"Correlation";"Traffic"
2014;0.17595430023185;"Zranení"
2014;0.166013305003718;"Celková dopravná nehodovosť"
2014;-0.0210936213261635;"Usmrtení"
