"Year";"Correlation";"Traffic"
2012;-0.229717221286606;"Celková dopravná nehodovosť"
2012;-0.207716498983947;"Zranení"
2012;-0.0273357438316286;"Usmrtení"
