"Year";"Correlation";"Traffic"
"2012-2017";-0.157999472038826;"Celková dopravná nehodovosť"
"2012-2017";-0.0624664523444704;"Zranení"
"2012-2017";-0.0606718493925336;"Usmrtení"
