"Year";"Correlation"
2010;-0.146197906724177
2011;-0.0678366565101919
2012;-0.0545920206479136
2013;-0.12710630626097
2014;-0.058331943966158
2015;0.119278827209271
2016;0.158756945351369
