"Year";"Correlation";"Traffic"
"2013-2015";-0.170694117021553;"Celková dopravná nehodovosť"
"2013-2015";-0.0654653206327193;"Zranení"
"2013-2015";0.0368788648157059;"Usmrtení"
