"Year";"Correlation";"Traffic"
2016;0.145760309049067;"Usmrtení"
2016;-0.0961715007013095;"Zranení"
2016;-0.0584104453267065;"Celková dopravná nehodovosť"
