"Year";"Correlation";"Traffic"
2017;0.167224211769007;"Usmrtení"
2017;-0.0914863096648124;"Celková dopravná nehodovosť"
2017;0.0529911249333328;"Zranení"
