"Year";"Correlation";"Traffic"
2018;-0.127708433321128;"Zranení"
2018;-0.113108847785856;"Celková dopravná nehodovosť"
2018;-0.0500802528247692;"Usmrtení"
