"Year";"Correlation";"Traffic"
2014;0.181000702186281;"Zranení"
2014;0.0597597423043781;"Usmrtení"
2014;-0.0497036052317922;"Celková dopravná nehodovosť"
