"Year";"Correlation"
2010;0.0611441299605018
2011;0.245260146023274
2012;0.0595757654128364
2013;0.0628356904325489
2014;-0.103846593720832
2015;-0.307135352824828
2016;-0.199879795521912
