"Year";"Correlation";"Traffic"
2010;0.17860854955959;"Celková dopravná nehodovosť"
2010;0.143576867117626;"Usmrtení"
2010;-0.102677654133806;"Zranení"
