"Year";"Correlation";"Traffic"
2015;-0.197900790739711;"Usmrtení"
2015;-0.0917854792312251;"Celková dopravná nehodovosť"
2015;-0.0147882074864;"Zranení"
