"Year";"Correlation";"Traffic"
2014;-0.227669704341799;"Zranení"
2014;-0.144789738538631;"Celková dopravná nehodovosť"
2014;0.0772454588746311;"Usmrtení"
