"Year";"Correlation";"Traffic"
"2010-2016";-0.135529088279011;"Celková dopravná nehodovosť"
"2010-2016";-0.0709393411820224;"Zranení"
"2010-2016";-0.034490762721993;"Usmrtení"
