"Year";"Correlation";"Traffic"
"2016-2018";0.171422728383303;"Usmrtení"
"2016-2018";0.115877065326602;"Celková dopravná nehodovosť"
"2016-2018";0.0827006137327386;"Zranení"
