"Year";"Correlation";"Traffic"
2013;0.130738092095659;"Zranení"
2013;0.104936567244938;"Celková dopravná nehodovosť"
2013;0.10252992649908;"Usmrtení"
