"Year";"Correlation";"Traffic"
2012;0.167610125704136;"Celková dopravná nehodovosť"
2012;-0.126731800334282;"Zranení"
2012;0.0757453210858326;"Usmrtení"
