"Year";"Correlation";"Traffic"
2014;-0.214987857614139;"Celková dopravná nehodovosť"
2014;0.165843879928553;"Zranení"
2014;-0.129466199817652;"Usmrtení"
