"Year";"Correlation";"Traffic"
2011;0.239721261831129;"Usmrtení"
2011;-0.205244027344284;"Celková dopravná nehodovosť"
2011;0.196497854274009;"Zranení"
