"Year";"Correlation";"Traffic"
"2010-2012";-0.201950103099145;"Celková dopravná nehodovosť"
"2010-2012";-0.113519604125081;"Zranení"
"2010-2012";-0.110665599983528;"Usmrtení"
