"Year";"Correlation";"Traffic"
2014;-0.183210914671172;"Zranení"
2014;0.059149967376338;"Usmrtení"
2014;-0.0156654546413452;"Celková dopravná nehodovosť"
