"Year";"Correlation";"Traffic"
2015;-0.0960887504844435;"Zranení"
2015;-0.028923727913873;"Celková dopravná nehodovosť"
2015;0.0123005148426979;"Usmrtení"
