"Year";"Correlation";"Traffic"
"2016-2018";0.0930274170309137;"Zranení"
"2016-2018";-0.0839251135442565;"Usmrtení"
"2016-2018";0.0737959941625888;"Celková dopravná nehodovosť"
