Week;Nehodovost;PCN;
1.tyzden.2012;233;0.570965
2.tyzden.2012;256;0.494748
3.tyzden.2012;292;0.860069
4.tyzden.2012;250;1.608139
5.tyzden.2012;199;0.885555
6.tyzden.2012;208;0.841684
7.tyzden.2012;309;1.170129
8.tyzden.2012;225;0.894243
9.tyzden.2012;207;1.443837
10.tyzden.2012;201;2.569863
11.tyzden.2012;209;2.146568
12.tyzden.2012;235;0.584051
13.tyzden.2012;198;0.683310
14.tyzden.2012;215;0.763094
15.tyzden.2012;201;0.893991
16.tyzden.2012;225;0.872667
17.tyzden.2012;294;1.700151
18.tyzden.2012;269;0.316080
19.tyzden.2012;257;1.394576
20.tyzden.2012;248;0.660109
21.tyzden.2012;258;1.042327
22.tyzden.2012;250;0.444961
23.tyzden.2012;292;1.827443
24.tyzden.2012;280;1.260914
25.tyzden.2012;301;0.309722
26.tyzden.2012;279;0.847448
27.tyzden.2012;275;0.977322
28.tyzden.2012;303;2.376897
29.tyzden.2012;249;1.375891
30.tyzden.2012;253;0.588547
31.tyzden.2012;258;0.895812
32.tyzden.2012;258;0.606867
33.tyzden.2012;274;0.798840
34.tyzden.2012;277;0.875285
35.tyzden.2012;265;0.624685
36.tyzden.2012;294;1.627849
37.tyzden.2012;297;0.448278
38.tyzden.2012;270;0.679238
39.tyzden.2012;270;0.482567
40.tyzden.2012;287;0.756230
41.tyzden.2012;273;2.276259
42.tyzden.2012;337;0.484385
43.tyzden.2012;289;0.506320
44.tyzden.2012;268;0.620225
45.tyzden.2012;290;0.389103
46.tyzden.2012;263;1.099640
47.tyzden.2012;299;1.121185
48.tyzden.2012;251;0.432408
49.tyzden.2012;344;0.215220
50.tyzden.2012;344;0.714328
51.tyzden.2012;342;0.717047
52.tyzden.2012;208;0.310317
