"Year";"Correlation";"Traffic"
"2011-2013";-0.107209223693171;"Celková dopravná nehodovosť"
"2011-2013";-0.0695882555747664;"Usmrtení"
"2011-2013";-0.0323177495192859;"Zranení"
