"Year";"Correlation";"Traffic"
"2010-2015";-0.158818626664763;"Celková dopravná nehodovosť"
"2010-2015";-0.0704192845891065;"Zranení"
"2010-2015";0.038658187181273;"Usmrtení"
