"Year";"Correlation";"Traffic"
"2011-2013";-0.101201424268065;"Celková dopravná nehodovosť"
"2011-2013";-0.0728681182881998;"Usmrtení"
"2011-2013";-0.0609855002588087;"Zranení"
