"Year";"Correlation";"Traffic"
"2013-2015";0.102216025470053;"Usmrtení"
"2013-2015";-0.0087023806652135;"Zranení"
"2013-2015";-0.00068729416234198;"Celková dopravná nehodovosť"
