"Year";"Correlation";"Traffic"
"2010-2012";-0.28682410224587;"Celková dopravná nehodovosť"
"2010-2012";-0.158768877874499;"Zranení"
"2010-2012";-0.00771343192991514;"Usmrtení"
