"Year";"Correlation";"Traffic"
"2014-2016";-0.143519389967345;"Celková dopravná nehodovosť"
"2014-2016";0.0715731643852805;"Usmrtení"
"2014-2016";-0.027023205132002;"Zranení"
