"Year";"Correlation";"Traffic"
"2015-2017";0.0517648872918229;"Zranení"
"2015-2017";0.01562721888404;"Usmrtení"
"2015-2017";-0.00348201255284861;"Celková dopravná nehodovosť"
