"Year";"Correlation";"Traffic"
"2016-2018";-0.169171872788078;"Zranení"
"2016-2018";-0.159759604163554;"Celková dopravná nehodovosť"
"2016-2018";0.020565037404049;"Usmrtení"
