"Year";"Correlation";"Traffic"
"2016-2018";0.14400462180501;"Usmrtení"
"2016-2018";-0.0604855153273342;"Celková dopravná nehodovosť"
"2016-2018";-0.0424854454794846;"Zranení"
