"Year";"Correlation";"Traffic"
2017;0.165485535773383;"Zranení"
2017;-0.101895831328073;"Celková dopravná nehodovosť"
2017;0.0954556023855512;"Usmrtení"
