"Year";"Correlation";"Traffic"
2014;-0.119907899249495;"Celková dopravná nehodovosť"
2014;0.0286136082064942;"Usmrtení"
2014;-0.00315353995521429;"Zranení"
