"Year";"Correlation";"Traffic"
2013;-0.113789226245156;"Usmrtení"
2013;0.0804133947960877;"Celková dopravná nehodovosť"
2013;0.00868642441926684;"Zranení"
