"Year";"Correlation";"Traffic"
2012;-0.151622008052992;"Celková dopravná nehodovosť"
2012;-0.12656637117601;"Zranení"
2012;0.108577190498797;"Usmrtení"
