"Year";"Correlation";"Traffic"
2018;0.113741222537562;"Celková dopravná nehodovosť"
2018;0.0623318161473933;"Usmrtení"
2018;0.0195659302499632;"Zranení"
