"Year";"Correlation";"Traffic"
2015;-0.061478464594226;"Usmrtení"
2015;-0.0550436486452356;"Zranení"
2015;-0.0486818572032501;"Celková dopravná nehodovosť"
