"Year";"Correlation"
2010;-0.0861076074413387
2011;0.196497854274009
2012;-0.126731800334282
2013;0.130738092095659
2014;0.165843879928553
2015;-0.249855661958572
2016;-0.151177308933779
