"Year";"Correlation";"Traffic"
"2010-2016";-0.532073341873956;"Celková dopravná nehodovosť"
"2010-2016";-0.243189000658441;"Zranení"
"2010-2016";-0.0275533048624958;"Usmrtení"
