"Year";"Correlation";"Traffic"
"2013-2015";-0.0862116199011768;"Usmrtení"
"2013-2015";-0.073998802433688;"Celková dopravná nehodovosť"
"2013-2015";-0.0708200239543527;"Zranení"
