"Year";"Correlation"
2010;0.0671603915305383
2011;0.0622023562623612
2012;-0.207716498983947
2013;0.107079975342589
2014;0.17595430023185
2015;-0.0924076631185354
2016;-0.0981023283422107
