"Year";"Correlation";"Traffic"
2010;-0.12509169586297;"Celková dopravná nehodovosť"
2010;-0.0987818102489648;"Usmrtení"
2010;0.0654518652996695;"Zranení"
