"Year";"Correlation";"Traffic"
"2010-2012";-0.112060268421996;"Usmrtení"
"2010-2012";-0.098506895484842;"Zranení"
"2010-2012";-0.0375950748141579;"Celková dopravná nehodovosť"
