"Year";"Correlation";"Traffic"
"2015-2017";-0.261384675839478;"Celková dopravná nehodovosť"
"2015-2017";-0.118610635532002;"Zranení"
"2015-2017";-0.0225430726557705;"Usmrtení"
