"Year";"Correlation";"Traffic"
2017;0.259197501804955;"Usmrtení"
2017;0.164836006369933;"Celková dopravná nehodovosť"
2017;0.145467034564169;"Zranení"
