"Year";"Correlation";"Traffic"
2012;-0.243845319790605;"Celková dopravná nehodovosť"
2012;-0.176724937292215;"Usmrtení"
2012;-0.105388161297164;"Zranení"
