"Year";"Correlation";"Traffic"
2018;0.439623845120782;"Celková dopravná nehodovosť"
2018;0.340391166330796;"Usmrtení"
2018;0.252428616977862;"Zranení"
