"Year";"Correlation";"Traffic"
2015;0.170901536952789;"Celková dopravná nehodovosť"
2015;0.0847434776909685;"Usmrtení"
2015;0.0752910289120459;"Zranení"
