"Year";"Correlation";"Traffic"
2014;-0.311054783734148;"Celková dopravná nehodovosť"
2014;0.129285562096388;"Usmrtení"
2014;-0.0800388822282517;"Zranení"
