"Year";"Correlation";"Traffic"
2013;-0.165206995771041;"Zranení"
2013;-0.161824491726314;"Usmrtení"
2013;-0.143892680372643;"Celková dopravná nehodovosť"
