"Year";"Correlation";"Traffic"
2016;0.343957383767833;"Celková dopravná nehodovosť"
2016;0.164926616091679;"Usmrtení"
2016;0.151751136951259;"Zranení"
