"Year";"Correlation";"Traffic"
"2011-2013";0.0887923340525832;"Usmrtení"
"2011-2013";-0.0750188824727762;"Celková dopravná nehodovosť"
"2011-2013";0.0488400063242176;"Zranení"
