"Year";"Correlation"
2010;-0.00222461165891128
2011;-0.0497755143996992
2012;-0.076422341603817
2013;-0.271140990588771
2014;0.335094826886326
2015;-0.0858786187636969
2016;-0.181007003446655
2017;0.0405247841563264
2018;-0.258728223509734
