"Year";"Correlation";"Traffic"
"2010-2016";0.102238101971032;"Celková dopravná nehodovosť"
"2010-2016";0.0830547741649846;"Zranení"
"2010-2016";0.0465892455577974;"Usmrtení"
