"Year";"Correlation";"Traffic"
"2010-2018";-0.28944412052519;"Celková dopravná nehodovosť"
"2010-2018";-0.156841504655722;"Zranení"
"2010-2018";0.0422446237876574;"Usmrtení"
