"Year";"Correlation";"Traffic"
"2013-2015";0.061258091506036;"Zranení"
"2013-2015";0.0361286707701389;"Celková dopravná nehodovosť"
"2013-2015";0.0144837450200376;"Usmrtení"
