"Year";"Correlation";"Traffic"
"2011-2013";-0.187220426516735;"Usmrtení"
"2011-2013";-0.142598294343048;"Celková dopravná nehodovosť"
"2011-2013";-0.100681671665955;"Zranení"
