"Year";"Correlation";"Traffic"
"2012-2017";0.0907381410953898;"Celková dopravná nehodovosť"
"2012-2017";0.0807152986073678;"Zranení"
"2012-2017";0.0010013335328977;"Usmrtení"
