"Year";"Correlation";"Traffic"
"2015-2017";0.190426996517504;"Usmrtení"
"2015-2017";-0.0523685002785416;"Celková dopravná nehodovosť"
"2015-2017";-0.00347013367490279;"Zranení"
