"Year";"Correlation";"Traffic"
"2010-2016";-0.249107038788677;"Celková dopravná nehodovosť"
"2010-2016";-0.0811321614655385;"Zranení"
"2010-2016";-0.0354953413486305;"Usmrtení"
