"Year";"Correlation";"Traffic"
"2013-2015";-0.157998346883847;"Celková dopravná nehodovosť"
"2013-2015";-0.153185767641961;"Usmrtení"
"2013-2015";0.104903988535226;"Zranení"
