"Year";"Correlation";"Traffic"
2013;0.233574121563041;"Zranení"
2013;0.0628356904325489;"Usmrtení"
2013;0.00271226347115372;"Celková dopravná nehodovosť"
