"Year";"Correlation";"Traffic"
2015;-0.307135352824828;"Usmrtení"
2015;-0.181527796812709;"Celková dopravná nehodovosť"
2015;0.112659144480324;"Zranení"
