"Year";"Correlation";"Traffic"
2016;-0.214611023191935;"Celková dopravná nehodovosť"
2016;-0.199879795521912;"Usmrtení"
2016;-0.0753057049467145;"Zranení"
