"Year";"Correlation";"Traffic"
"2016-2018";0.16232680601097;"Usmrtení"
"2016-2018";-0.0516286324281613;"Celková dopravná nehodovosť"
"2016-2018";-0.0151281156555966;"Zranení"
