"Year";"Correlation";"Traffic"
"2013-2015";0.10769121128381;"Usmrtení"
"2013-2015";-0.00139012719152079;"Zranení"
"2013-2015";0.000119409268183218;"Celková dopravná nehodovosť"
