"Year";"Correlation";"Traffic"
"2010-2016";-0.262231962197356;"Celková dopravná nehodovosť"
"2010-2016";-0.155055567339553;"Zranení"
"2010-2016";0.000324000541339591;"Usmrtení"
