"Year";"Correlation";"Traffic"
"2010-2016";-0.219329584240758;"Celková dopravná nehodovosť"
"2010-2016";-0.143356516973565;"Zranení"
"2010-2016";0.0260898188405893;"Usmrtení"
