"Year";"Correlation";"Traffic"
"2014-2016";0.087569767819303;"Usmrtení"
"2014-2016";0.0406050545520433;"Celková dopravná nehodovosť"
"2014-2016";0.0138577352721686;"Zranení"
