"Year";"Correlation";"Traffic"
2011;-0.0605317045243794;"Usmrtení"
2011;0.0104562549029464;"Celková dopravná nehodovosť"
2011;0.00338019332941379;"Zranení"
