"Year";"Correlation";"Traffic"
2018;0.441485688572705;"Celková dopravná nehodovosť"
2018;0.343374401538013;"Usmrtení"
2018;0.25154972691391;"Zranení"
