"Year";"Correlation";"Traffic"
2015;0.170716598739871;"Celková dopravná nehodovosť"
2015;0.0850986696625632;"Usmrtení"
2015;0.0755509390903341;"Zranení"
