"Year";"Correlation";"Traffic"
2012;-0.243845230131939;"Celková dopravná nehodovosť"
2012;-0.176724808285882;"Usmrtení"
2012;-0.105388004377416;"Zranení"
