"Year";"Correlation";"Traffic"
2017;0.259169136592655;"Usmrtení"
2017;0.164807152131799;"Celková dopravná nehodovosť"
2017;0.145478676226709;"Zranení"
