"Year";"Correlation";"Traffic"
2010;-0.159303481559198;"Zranení"
2010;-0.0841916374915563;"Celková dopravná nehodovosť"
2010;-0.030547207369441;"Usmrtení"
