"Year";"Correlation";"Traffic"
"2016-2018";-0.1658045238039;"Zranení"
"2016-2018";-0.143013307560029;"Celková dopravná nehodovosť"
"2016-2018";0.0539363809024313;"Usmrtení"
