"Year";"Correlation";"Traffic"
"2015-2017";-0.125529955214905;"Usmrtení"
"2015-2017";0.0947842299449727;"Celková dopravná nehodovosť"
"2015-2017";0.0937304591280143;"Zranení"
