"Year";"Correlation";"Traffic"
"2010-2016";-0.0732042131068974;"Celková dopravná nehodovosť"
"2010-2016";-0.0601486345405067;"Usmrtení"
"2010-2016";-0.0413126586572179;"Zranení"
