"Year";"Correlation";"Traffic"
"2011-2016";-0.150688845090518;"Celková dopravná nehodovosť"
"2011-2016";-0.0418195687607474;"Usmrtení"
"2011-2016";0.0140785832250291;"Zranení"
