"Year";"Correlation";"Traffic"
"2015-2017";0.139125964060022;"Usmrtení"
"2015-2017";0.0213228429413696;"Zranení"
"2015-2017";0.00619234898957465;"Celková dopravná nehodovosť"
