"Year";"Correlation";"Traffic"
"2011-2016";-0.104270149785358;"Celková dopravná nehodovosť"
"2011-2016";0.0928918526194264;"Zranení"
"2011-2016";-0.027401543343272;"Usmrtení"
