"Year";"Correlation";"Traffic"
2017;-0.400909517628376;"Zranení"
2017;-0.209796034132728;"Celková dopravná nehodovosť"
2017;-0.0919351172044998;"Usmrtení"
