"Year";"Correlation";"Traffic"
2018;0.104426148364866;"Zranení"
2018;0.0909785939721786;"Celková dopravná nehodovosť"
2018;-0.0313760430608616;"Usmrtení"
