"Year";"Correlation";"Traffic"
2012;0.166596485429675;"Celková dopravná nehodovosť"
2012;-0.120351821836407;"Zranení"
2012;0.0388833271813576;"Usmrtení"
