"Year";"Correlation";"Traffic"
2011;0.358240456452181;"Zranení"
2011;0.279607842833099;"Usmrtení"
2011;-0.0338078782957664;"Celková dopravná nehodovosť"
