"Year";"Correlation";"Traffic"
2010;0.144731343278087;"Usmrtení"
2010;0.135236133375406;"Celková dopravná nehodovosť"
2010;0.0634212360625711;"Zranení"
