"Year";"Correlation";"Traffic"
2014;-0.1768184883757;"Usmrtení"
2014;-0.161661463981066;"Celková dopravná nehodovosť"
2014;0.000669901672417084;"Zranení"
