"Year";"Correlation";"Traffic"
2015;-0.514393161486637;"Usmrtení"
2015;-0.485444792136862;"Celková dopravná nehodovosť"
2015;-0.255750217883651;"Zranení"
