"Year";"Correlation";"Traffic"
"2015-2017";-0.276901986182661;"Celková dopravná nehodovosť"
"2015-2017";-0.147512759620153;"Zranení"
"2015-2017";-0.0678394863572792;"Usmrtení"
