"Year";"Correlation";"Traffic"
"2014-2016";-0.227577769832283;"Celková dopravná nehodovosť"
"2014-2016";-0.135640283566383;"Usmrtení"
"2014-2016";-0.0165925040761761;"Zranení"
