"Year";"Correlation"
2010;0.105470613195729
2011;0.050897107897216
2012;0.10907567312481
2013;-0.113789226245156
2014;0.0286136082064942
2015;-0.061478464594226
2016;0.063974184688747
