"Year";"Correlation"
2010;-0.0987818102489648
2011;-0.0789981087496113
2012;-0.0511295705244108
2013;-0.148158230783865
2014;0.0175162333776564
2015;0.158873820681696
2016;0.0901839566334014
2017;0.276077437126705
2018;-0.0424169978128342
