"Year";"Correlation";"Traffic"
"2011-2013";-0.126335979677554;"Usmrtení"
"2011-2013";-0.12472138190398;"Celková dopravná nehodovosť"
"2011-2013";-0.0606233371007326;"Zranení"
