"Year";"Correlation"
2010;0.120407659024992
2011;-0.0222453304602561
2012;0.0450315330456031
2013;0.0473964931786744
2014;-0.183210914671172
2015;-0.0960887504844435
2016;-0.02040101501768
