"Year";"Correlation";"Traffic"
"2010-2016";-0.110621051387375;"Celková dopravná nehodovosť"
"2010-2016";-0.0821701158166963;"Zranení"
"2010-2016";0.0589436089645226;"Usmrtení"
