"Year";"Correlation";"Traffic"
"2010-2016";-0.434079406994535;"Celková dopravná nehodovosť"
"2010-2016";-0.119047971891569;"Zranení"
"2010-2016";0.0119301056031799;"Usmrtení"
