"Year";"Correlation";"Traffic"
"2014-2016";0.101894478281885;"Celková dopravná nehodovosť"
"2014-2016";0.0680591932384755;"Zranení"
"2014-2016";0.0246869712491074;"Usmrtení"
