"Year";"Correlation";"Traffic"
"2014-2016";-0.25758555346179;"Celková dopravná nehodovosť"
"2014-2016";-0.175180369802931;"Usmrtení"
"2014-2016";-0.083428285758125;"Zranení"
