"Year";"Correlation";"Traffic"
"2011-2016";-0.0995430364162404;"Celková dopravná nehodovosť"
"2011-2016";-0.0659661230173059;"Usmrtení"
"2011-2016";-0.0364008796197018;"Zranení"
