"Year";"Correlation";"Traffic"
"2016-2018";-0.250185761650983;"Zranení"
"2016-2018";-0.199236434040494;"Celková dopravná nehodovosť"
"2016-2018";-0.0348944740387809;"Usmrtení"
