"Year";"Correlation"
2010;0.143576867117626
2011;0.0652461538219249
2012;0.0625040545068882
2013;0.126580061969512
2014;0.0772454588746311
2015;-0.197900790739711
2016;-0.172488456582418
