"Year";"Correlation";"Traffic"
"2012-2014";-0.127522019212271;"Celková dopravná nehodovosť"
"2012-2014";-0.0272914054967275;"Usmrtení"
"2012-2014";0.00430191021421583;"Zranení"
