"Year";"Correlation";"Traffic"
"2012-2014";0.119843805649953;"Usmrtení"
"2012-2014";0.0867271384327319;"Celková dopravná nehodovosť"
"2012-2014";0.0652975312719691;"Zranení"
