"Year";"Correlation";"Traffic"
2017;-0.405657596878594;"Zranení"
2017;-0.215359205948464;"Celková dopravná nehodovosť"
2017;-0.0923019585087949;"Usmrtení"
