"Year";"Correlation";"Traffic"
2012;0.174130134437541;"Celková dopravná nehodovosť"
2012;-0.117400076478478;"Zranení"
2012;0.040849890206698;"Usmrtení"
