"Year";"Correlation";"Traffic"
2018;0.100072549824738;"Zranení"
2018;0.0931744725871731;"Celková dopravná nehodovosť"
2018;-0.0320881977301217;"Usmrtení"
