"Year";"Correlation";"Traffic"
"2013-2015";0.0541971570945485;"Usmrtení"
"2013-2015";-0.0179870250006568;"Celková dopravná nehodovosť"
"2013-2015";-0.00800011151037452;"Zranení"
