"Year";"Correlation";"Traffic"
"2012-2014";-0.0387868934865198;"Usmrtení"
"2012-2014";0.0358165935262861;"Zranení"
"2012-2014";0.0200374838453158;"Celková dopravná nehodovosť"
