"Year";"Correlation";"Traffic"
"2010-2012";-0.137350851449815;"Celková dopravná nehodovosť"
"2010-2012";-0.107442080849132;"Usmrtení"
"2010-2012";-0.0948948949361565;"Zranení"
