"Year";"Correlation";"Traffic"
"2012-2014";-0.152721842229191;"Celková dopravná nehodovosť"
"2012-2014";-0.0820581801409079;"Usmrtení"
"2012-2014";-0.0564606424160569;"Zranení"
