"Year";"Correlation";"Traffic"
2013;0.169065646904513;"Zranení"
2013;-0.12313165796803;"Usmrtení"
2013;0.0174343592739958;"Celková dopravná nehodovosť"
