"Year";"Correlation";"Traffic"
2012;-0.181060610213602;"Zranení"
2012;-0.165912638378908;"Celková dopravná nehodovosť"
2012;-0.0375123931789986;"Usmrtení"
