"Year";"Correlation";"Traffic"
2015;-0.0823046273207247;"Usmrtení"
2015;0.0337846821909167;"Celková dopravná nehodovosť"
2015;0.0333489500794656;"Zranení"
