"Year";"Correlation";"Traffic"
2014;0.304198387957789;"Celková dopravná nehodovosť"
2014;0.152934232598343;"Zranení"
2014;-0.0125799403596723;"Usmrtení"
