"Year";"Correlation";"Traffic"
"2013-2018";0.065565844361976;"Usmrtení"
"2013-2018";-0.03317327663446;"Zranení"
"2013-2018";0.0120286944230181;"Celková dopravná nehodovosť"
