"Year";"Correlation";"Traffic"
"2010-2016";0.211827984553476;"Celková dopravná nehodovosť"
"2010-2016";0.0881373370236459;"Zranení"
"2010-2016";-0.0198384003769474;"Usmrtení"
