"Year";"Correlation";"Traffic"
"2013-2015";0.0856296720144723;"Zranení"
"2013-2015";0.0801552603875322;"Celková dopravná nehodovosť"
"2013-2015";0.0469371596173823;"Usmrtení"
