"Year";"Correlation";"Traffic"
"2010-2018";-0.16879492375726;"Celková dopravná nehodovosť"
"2010-2018";-0.118198828985646;"Zranení"
"2010-2018";-0.0615470919161146;"Usmrtení"
