"Year";"Correlation";"Traffic"
2014;-0.280038610616839;"Celková dopravná nehodovosť"
2014;0.119900701903178;"Usmrtení"
2014;-0.0671267902324084;"Zranení"
