"Year";"Correlation";"Traffic"
2013;-0.113622809262499;"Celková dopravná nehodovosť"
2013;-0.111046590364913;"Usmrtení"
2013;-0.0106380267908202;"Zranení"
