"Year";"Correlation";"Traffic"
2011;-0.212115366404753;"Celková dopravná nehodovosť"
2011;-0.14969387929402;"Usmrtení"
2011;-0.0896629036577821;"Zranení"
