"Year";"Correlation"
2010;-0.0840612846575136
2011;-0.00869925542881725
2012;-0.229717221286606
2013;-0.0343418053012858
2014;0.166013305003718
2015;-0.0801476270647081
2016;-0.072463376028398
