"Year";"Correlation";"Traffic"
2011;-0.0789981087496113;"Usmrtení"
2011;-0.0464641853306649;"Celková dopravná nehodovosť"
2011;0.0241222081672212;"Zranení"
