"Year";"Correlation";"Traffic"
"2011-2013";0.0690598025791765;"Usmrtení"
"2011-2013";0.0411139512501203;"Celková dopravná nehodovosť"
"2011-2013";-0.00578815284685712;"Zranení"
