"Year";"Correlation";"Traffic"
"2011-2016";-0.037962784373286;"Zranení"
"2011-2016";0.0313234547010109;"Usmrtení"
"2011-2016";-0.0077058623993628;"Celková dopravná nehodovosť"
