"Year";"Correlation";"Traffic"
"2012-2017";-0.13101994510416;"Celková dopravná nehodovosť"
"2012-2017";-0.0281561938594292;"Usmrtení"
"2012-2017";-0.0105461565152446;"Zranení"
