"Year";"Correlation";"Traffic"
"2014-2016";-0.0901521152609835;"Zranení"
"2014-2016";0.0523794418775953;"Usmrtení"
"2014-2016";0.0153838728192288;"Celková dopravná nehodovosť"
