"Year";"Correlation";"Traffic"
2016;-0.257588229024296;"Zranení"
2016;-0.226687303257313;"Usmrtení"
2016;-0.178104537860972;"Celková dopravná nehodovosť"
