"Year";"Correlation";"Traffic"
2017;0.255840182860528;"Usmrtení"
2017;0.155516768329066;"Celková dopravná nehodovosť"
2017;0.13885188452218;"Zranení"
