"Year";"Correlation";"Traffic"
2014;-0.279961311021706;"Celková dopravná nehodovosť"
2014;0.119864458969278;"Usmrtení"
2014;-0.0669119585282381;"Zranení"
