"Year";"Correlation";"Traffic"
2018;0.281345334248344;"Celková dopravná nehodovosť"
2018;0.100241384666845;"Zranení"
2018;0.0495885951674627;"Usmrtení"
