"Year";"Correlation";"Traffic"
2012;-0.199726123456061;"Celková dopravná nehodovosť"
2012;-0.157703209978493;"Usmrtení"
2012;-0.103908021915689;"Zranení"
