"Year";"Correlation";"Traffic"
"2010-2015";0.114606044397129;"Celková dopravná nehodovosť"
"2010-2015";0.0873813241136741;"Zranení"
"2010-2015";0.0577262654255326;"Usmrtení"
