"Year";"Correlation";"Traffic"
"2010-2018";-0.0658928205978741;"Celková dopravná nehodovosť"
"2010-2018";-0.032560968437019;"Zranení"
"2010-2018";-0.0131938555052885;"Usmrtení"
