"Year";"Correlation";"Traffic"
"2014-2016";-0.192940214134009;"Celková dopravná nehodovosť"
"2014-2016";-0.138786096848644;"Usmrtení"
"2014-2016";0.0274846879868652;"Zranení"
