"Year";"Correlation";"Traffic"
"2012-2017";0.0613444814046566;"Usmrtení"
"2012-2017";-0.0120395509857985;"Zranení"
"2012-2017";-0.00755528887503257;"Celková dopravná nehodovosť"
