"Year";"Correlation"
2010;0.0897077413851727
2011;0.0196818189976674
2012;-0.186498029965879
2013;0.0248221094173001
2014;0.206667613339158
2015;-0.0621982553936375
2016;0.0147430429565728
