"Year";"Correlation";"Traffic"
"2012-2014";0.0505333645754657;"Usmrtení"
"2012-2014";-0.0231016630218866;"Zranení"
"2012-2014";0.00955023039154655;"Celková dopravná nehodovosť"
