"Year";"Correlation";"Traffic"
"2010-2018";-0.0969384930212693;"Celková dopravná nehodovosť"
"2010-2018";0.0652069703034313;"Usmrtení"
"2010-2018";-0.0523243160282776;"Zranení"
