"Year";"Correlation";"Traffic"
"2014-2016";0.0598438158785099;"Zranení"
"2014-2016";0.0394508862659659;"Celková dopravná nehodovosť"
"2014-2016";-0.0114641473950812;"Usmrtení"
