"Year";"Correlation";"Traffic"
"2012-2017";0.0942041781658718;"Usmrtení"
"2012-2017";-0.0460290482837932;"Celková dopravná nehodovosť"
"2012-2017";-0.025837915068436;"Zranení"
