"Year";"Correlation"
2010;-0.139422990807649
2011;-0.0686125742995025
2012;-0.0375123931789986
2013;-0.12313165796803
2014;-0.0125799403596723
2015;-0.0823046273207247
2016;0.100839000838403
