"Year";"Correlation"
2010;0.1193670292667
2011;-0.0217247591981536
2012;0.0441715217129895
2013;0.0474033941621444
2014;-0.183288181003817
2015;-0.0962754008335127
2016;-0.0201137345939534
