"Year";"Correlation";"Traffic"
"2010-2016";-0.0826942289706246;"Celková dopravná nehodovosť"
"2010-2016";-0.0496789635481552;"Zranení"
"2010-2016";-0.0426777491745464;"Usmrtení"
