"Year";"Correlation";"Traffic"
2012;-0.151875651933595;"Celková dopravná nehodovosť"
2012;-0.126125855130641;"Zranení"
2012;0.10907567312481;"Usmrtení"
