"Year";"Correlation";"Traffic"
2011;0.0793337653404737;"Celková dopravná nehodovosť"
2011;0.050897107897216;"Usmrtení"
2011;0.0409373793509745;"Zranení"
