"Year";"Correlation"
2010;0.0818338463998429
2011;0.104590447478333
2012;0.226049809132369
2013;0.0535013571555599
2014;-0.0809781818660184
2015;0.0902098933343418
2016;0.0795044805723227
