"Year";"Correlation"
2010;-0.159303481559198
2011;0.00338191024674689
2012;-0.105388161297164
2013;-0.165206995771041
2014;-0.0800388822282517
2015;0.0752910289120459
2016;0.151751136951259
2017;0.145467034564169
2018;0.252428616977862
