"Year";"Correlation";"Traffic"
2015;0.111265106584949;"Usmrtení"
2015;-0.0858092394837935;"Celková dopravná nehodovosť"
2015;0.000569929073278003;"Zranení"
