"Year";"Correlation";"Traffic"
2016;-0.206989091741033;"Zranení"
2016;-0.180519038773084;"Celková dopravná nehodovosť"
2016;-0.000474506827608844;"Usmrtení"
