"Year";"Correlation";"Traffic"
2011;-0.155332607816046;"Usmrtení"
2011;-0.153386113810105;"Zranení"
2011;-0.0498971159685773;"Celková dopravná nehodovosť"
