"Year";"Correlation";"Traffic"
2013;-0.158294507144265;"Usmrtení"
2013;0.107079975342589;"Zranení"
2013;-0.0343418053012858;"Celková dopravná nehodovosť"
