"Year";"Correlation";"Traffic"
2017;0.212724731870148;"Zranení"
2017;0.203652258663148;"Usmrtení"
2017;-0.0576313403867892;"Celková dopravná nehodovosť"
