"Year";"Correlation";"Traffic"
2016;-0.0981023283422107;"Zranení"
2016;0.0971907554917321;"Usmrtení"
2016;-0.072463376028398;"Celková dopravná nehodovosť"
