"Year";"Correlation";"Traffic"
2018;-0.0438057249689576;"Zranení"
2018;0.0265775869343745;"Usmrtení"
2018;-0.00518012547239254;"Celková dopravná nehodovosť"
