"Year";"Correlation";"Traffic"
2010;-0.0840612846575136;"Celková dopravná nehodovosť"
2010;0.0671603915305383;"Zranení"
2010;-0.0528533085551295;"Usmrtení"
