"Year";"Correlation";"Traffic"
"2012-2014";0.0585571794287295;"Usmrtení"
"2012-2014";-0.035475847185402;"Zranení"
"2012-2014";0.00545932371322284;"Celková dopravná nehodovosť"
