"Year";"Correlation";"Traffic"
"2010-2012";0.110973675161487;"Usmrtení"
"2010-2012";-0.0602423684668093;"Celková dopravná nehodovosť"
"2010-2012";-0.0127341242550248;"Zranení"
