"Year";"Correlation"
2010;-0.100919972544373
2011;-0.14969434943449
2012;-0.157703209978493
2013;-0.113638613953338
2014;0.119864458969278
2015;0.0860246589080978
2016;-0.226687303257313
