"Year";"Correlation"
2010;0.0472611418307233
2011;0.186169367086815
2012;-0.180968773571513
2013;-0.0342483084818552
2014;0.181000702186281
2015;-0.0688815521175062
2016;-0.0961715007013095
