"Year";"Correlation";"Traffic"
"2010-2015";-0.0928434901628303;"Celková dopravná nehodovosť"
"2010-2015";0.0714925658308115;"Usmrtení"
"2010-2015";-0.0603765442885512;"Zranení"
