"Year";"Correlation";"Traffic"
2016;-0.421916994469378;"Celková dopravná nehodovosť"
2016;-0.271736080348055;"Usmrtení"
2016;-0.243592385360571;"Zranení"
