"Year";"Correlation";"Traffic"
2013;0.119372482667307;"Celková dopravná nehodovosť"
2013;0.0998708841396563;"Usmrtení"
2013;0.075762729829856;"Zranení"
