"Year";"Correlation"
2010;0.0654518652996695
2011;0.0241222081672212
2012;-0.181588442391652
2013;0.0530092410971198
2014;0.201811603729265
2015;-0.0687687033903765
2016;-0.116577431206529
