"Year";"Correlation";"Traffic"
"2013-2018";-0.163548357024204;"Celková dopravná nehodovosť"
"2013-2018";-0.0474962633748078;"Zranení"
"2013-2018";-0.0169168663306692;"Usmrtení"
