"Year";"Correlation";"Traffic"
"2013-2015";0.102357688464452;"Zranení"
"2013-2015";0.0817305259273072;"Celková dopravná nehodovosť"
"2013-2015";-0.0302297682058966;"Usmrtení"
