"Year";"Correlation";"Traffic"
"2011-2013";-0.145666542569764;"Celková dopravná nehodovosť"
"2011-2013";-0.103242993413325;"Usmrtení"
"2011-2013";-0.0668242096498285;"Zranení"
