"Year";"Correlation";"Traffic"
"2012-2014";-0.0524980183236499;"Usmrtení"
"2012-2014";0.0368212046197394;"Zranení"
"2012-2014";0.0048154813378999;"Celková dopravná nehodovosť"
