"Year";"Correlation"
2010;-0.0917620935942979
2011;-0.0589666327195635
2012;-0.237763530211078
2013;-0.163618639824199
2014;-0.275749474099161
2015;0.106343265286187
2016;0.214883535570051
