"Year";"Correlation"
2010;-0.000925184114292813
2011;-0.0498971159685773
2012;-0.0723637362331779
2013;-0.274269086813606
2014;0.337403570629264
2015;-0.0858092394837935
2016;-0.180519038773084
