"Year";"Correlation";"Traffic"
"2010-2015";-0.133546371547754;"Celková dopravná nehodovosť"
"2010-2015";-0.0652863201106687;"Zranení"
"2010-2015";-0.0584350195723254;"Usmrtení"
