"Year";"Correlation";"Traffic"
"2010-2018";-0.263219653076383;"Celková dopravná nehodovosť"
"2010-2018";-0.0832311458348951;"Zranení"
"2010-2018";0.0685527208454394;"Usmrtení"
