"Year";"Correlation";"Traffic"
2018;0.122645954961622;"Zranení"
2018;-0.0706116296301198;"Usmrtení"
2018;0.0437177810031237;"Celková dopravná nehodovosť"
