"Year";"Correlation";"Traffic"
2012;0.0787560910662399;"Celková dopravná nehodovosť"
2012;-0.0749061695321811;"Zranení"
2012;0.0595757654128364;"Usmrtení"
