"Year";"Correlation";"Traffic"
2017;-0.174438770297512;"Celková dopravná nehodovosť"
2017;-0.173160489331715;"Zranení"
2017;0.153945902397341;"Usmrtení"
