"Year";"Correlation";"Traffic"
"2010-2016";-0.063273551580947;"Celková dopravná nehodovosť"
"2010-2016";0.04694441123297;"Usmrtení"
"2010-2016";-0.0426290884773429;"Zranení"
