"Year";"Correlation"
2010;-0.0204921809120297
2011;0.239721261831129
2012;0.0757453210858326
2013;0.10252992649908
2014;-0.129466199817652
2015;-0.444278518449672
2016;-0.136752845701175
