"Year";"Correlation";"Traffic"
"2010-2012";-0.146880576076696;"Celková dopravná nehodovosť"
"2010-2012";-0.105537987265437;"Zranení"
"2010-2012";-0.0939981071776177;"Usmrtení"
