"Year";"Correlation";"Traffic"
"2010-2016";-0.233477161791858;"Celková dopravná nehodovosť"
"2010-2016";-0.0889895480692373;"Zranení"
"2010-2016";0.000527595443532507;"Usmrtení"
