"Year";"Correlation";"Traffic"
"2010-2012";-0.262650548247909;"Celková dopravná nehodovosť"
"2010-2012";-0.158826402990864;"Zranení"
"2010-2012";-0.0307005262898435;"Usmrtení"
