"Year";"Correlation"
2010;-0.176769469218588
2011;-0.0715920108945092
2012;-0.161300390611479
2013;0.00946278641696963
2014;0.216105907111477
2015;0.0782131985895936
2016;0.00317703204916883
