"Year";"Correlation"
2010;0.15940117912895
2011;0.176274462902511
2012;-0.181060610213602
2013;0.169065646904513
2014;0.152934232598343
2015;0.0333489500794656
2016;0.0633308342739113
