"Year";"Correlation";"Traffic"
2011;0.245260146023274;"Usmrtení"
2011;0.233844667561196;"Zranení"
2011;-0.162272106168498;"Celková dopravná nehodovosť"
