"Year";"Correlation";"Traffic"
"2011-2016";-0.0563674317184612;"Zranení"
"2011-2016";0.0450046736148701;"Usmrtení"
"2011-2016";-0.0164102629053278;"Celková dopravná nehodovosť"
