"Year";"Correlation"
2010;-0.0841916374915563
2011;0.0104562549029464
2012;-0.243845230131939
2013;-0.154981960323844
2014;-0.310665408727855
2015;0.170716598739871
2016;0.33543376303396
