"Year";"Correlation"
2010;-0.0841916374915563
2011;0.010452826229345
2012;-0.243845319790605
2013;-0.143892680372643
2014;-0.311054783734148
2015;0.170901536952789
2016;0.343957383767833
