"Year";"Correlation";"Traffic"
"2012-2017";-0.122873135118218;"Celková dopravná nehodovosť"
"2012-2017";-0.032025226582671;"Usmrtení"
"2012-2017";0.0298818947833674;"Zranení"
