Week;Nehodovost;Speed;
1.tyzden.2017;216;558.713542
2.tyzden.2017;252;452.273809
3.tyzden.2017;210;464.244048
4.tyzden.2017;188;442.571428
5.tyzden.2017;242;598.178571
6.tyzden.2017;218;444.291667
7.tyzden.2017;240;409.833333
8.tyzden.2017;203;477.166667
9.tyzden.2017;228;559.720238
10.tyzden.2017;185;498.077381
11.tyzden.2017;217;340.553571
12.tyzden.2017;223;497.333333
13.tyzden.2017;279;602.375000
14.tyzden.2017;226;450.994048
15.tyzden.2017;257;394.565476
16.tyzden.2017;208;508.541667
17.tyzden.2017;244;485.196429
18.tyzden.2017;267;369.607143
19.tyzden.2017;258;357.166667
20.tyzden.2017;276;519.333333
21.tyzden.2017;305;411.113095
22.tyzden.2017;294;399.601190
23.tyzden.2017;266;327.797619
24.tyzden.2017;263;476.672619
25.tyzden.2017;274;380.928572
26.tyzden.2017;343;425.660714
27.tyzden.2017;272;372.851191
28.tyzden.2017;295;450.589286
29.tyzden.2017;287;523.125000
30.tyzden.2017;272;492.815476
31.tyzden.2017;307;475.410714
32.tyzden.2017;268;464.470238
33.tyzden.2017;270;525.565476
34.tyzden.2017;257;433.815476
35.tyzden.2017;261;458.226190
36.tyzden.2017;236;544.101190
37.tyzden.2017;316;567.946428
38.tyzden.2017;273;437.267857
39.tyzden.2017;270;483.279762
40.tyzden.2017;265;401.898810
41.tyzden.2017;261;493.613095
42.tyzden.2017;291;428.297619
43.tyzden.2017;311;444.422619
44.tyzden.2017;218;342.113095
45.tyzden.2017;279;506.547619
46.tyzden.2017;271;405.982143
47.tyzden.2017;322;413.904762
48.tyzden.2017;303;410.821429
49.tyzden.2017;339;430.821428
50.tyzden.2017;297;418.315476
51.tyzden.2017;311;439.797619
52.tyzden.2017;211;406.958333
