"Year";"Correlation";"Traffic"
"2010-2015";-0.540438355953415;"Celková dopravná nehodovosť"
"2010-2015";-0.190545113923984;"Zranení"
"2010-2015";0.00844756657868547;"Usmrtení"
