"Year";"Correlation";"Traffic"
"2011-2013";0.109759467712255;"Celková dopravná nehodovosť"
"2011-2013";0.0848764695792745;"Usmrtení"
"2011-2013";0.00969747426403487;"Zranení"
