"Year";"Correlation";"Traffic"
"2011-2013";-0.127188007927543;"Celková dopravná nehodovosť"
"2011-2013";-0.091390943614416;"Usmrtení"
"2011-2013";-0.0628119964983566;"Zranení"
