"Year";"Correlation";"Traffic"
2013;-0.114847079894244;"Celková dopravná nehodovosť"
2013;-0.113638613953338;"Usmrtení"
2013;-0.0126741350939028;"Zranení"
