"Year";"Correlation";"Traffic"
2011;-0.212115734903528;"Celková dopravná nehodovosť"
2011;-0.14969434943449;"Usmrtení"
2011;-0.0896625953667292;"Zranení"
