"Year";"Correlation";"Traffic"
2015;-0.177261047131327;"Zranení"
2015;0.0860246589080978;"Usmrtení"
2015;0.0108421041347741;"Celková dopravná nehodovosť"
