"Year";"Correlation";"Traffic"
2010;-0.100919972544373;"Usmrtení"
2010;-0.0748947084595415;"Celková dopravná nehodovosť"
2010;0.073047613395245;"Zranení"
