"Year";"Correlation";"Traffic"
"2016-2018";0.166530646500026;"Usmrtení"
"2016-2018";0.103243395599278;"Celková dopravná nehodovosť"
"2016-2018";0.072404144099596;"Zranení"
