"Year";"Correlation";"Traffic"
"2013-2018";-0.187042878276832;"Celková dopravná nehodovosť"
"2013-2018";-0.132571583761858;"Zranení"
"2013-2018";-0.023514823453504;"Usmrtení"
