"Year";"Correlation";"Traffic"
2015;-0.0924076631185354;"Zranení"
2015;-0.0801476270647081;"Celková dopravná nehodovosť"
2015;0.0598681779509439;"Usmrtení"
