"Year";"Correlation";"Traffic"
"2011-2013";0.0767268881497193;"Zranení"
"2011-2013";-0.053911141242966;"Celková dopravná nehodovosť"
"2011-2013";0.0474547107125865;"Usmrtení"
