"Year";"Correlation";"Traffic"
"2016-2018";0.0982757596813096;"Usmrtení"
"2016-2018";-0.0110680735737176;"Celková dopravná nehodovosť"
"2016-2018";-0.00325432195271585;"Zranení"
