"Year";"Correlation";"Traffic"
"2010-2016";-0.162874146035726;"Celková dopravná nehodovosť"
"2010-2016";-0.0890592695791644;"Zranení"
"2010-2016";0.0469674744357945;"Usmrtení"
