"Year";"Correlation"
2010;0.0914041191415697
2011;-0.00291322132302067
2012;0.131009949094651
2013;-0.0963630812336988
2014;0.0591269677257376
2015;0.0123987635592598
2016;0.0730510525142516
