"Year";"Correlation";"Traffic"
"2015-2017";0.138643056251499;"Usmrtení"
"2015-2017";0.110100854749614;"Celková dopravná nehodovosť"
"2015-2017";0.0946317337238846;"Zranení"
