"Year";"Correlation";"Traffic"
2013;0.108773195109987;"Usmrtení"
2013;0.0820242394456361;"Zranení"
2013;0.0535013571555599;"Celková dopravná nehodovosť"
