"Year";"Correlation";"Traffic"
2012;0.226049809132369;"Celková dopravná nehodovosť"
2012;0.183075247142132;"Zranení"
2012;0.160083712086468;"Usmrtení"
