"Year";"Correlation";"Traffic"
2016;0.113920620754523;"Zranení"
2016;0.0795044805723227;"Celková dopravná nehodovosť"
2016;-0.0226508370290865;"Usmrtení"
