"Year";"Correlation";"Traffic"
"2011-2013";-0.111388895036945;"Celková dopravná nehodovosť"
"2011-2013";-0.0875142853256504;"Usmrtení"
"2011-2013";0.00260669868000779;"Zranení"
