"Year";"Correlation";"Traffic"
"2010-2018";-0.0701388327071431;"Celková dopravná nehodovosť"
"2010-2018";0.0481174539485698;"Usmrtení"
"2010-2018";-0.0269196991307375;"Zranení"
