"Year";"Correlation";"Traffic"
2014;-0.183288181003817;"Zranení"
2014;0.0591269677257376;"Usmrtení"
2014;-0.0155677522894864;"Celková dopravná nehodovosť"
