"Year";"Correlation";"Traffic"
2013;0.182091192572824;"Celková dopravná nehodovosť"
2013;-0.0963630812336988;"Usmrtení"
2013;0.0474033941621444;"Zranení"
