"Year";"Correlation";"Traffic"
2012;0.131009949094651;"Usmrtení"
2012;-0.0875157037054164;"Celková dopravná nehodovosť"
2012;0.0441715217129895;"Zranení"
