"Year";"Correlation";"Traffic"
2015;-0.0962754008335127;"Zranení"
2015;-0.028652995872958;"Celková dopravná nehodovosť"
2015;0.0123987635592598;"Usmrtení"
