"Year";"Correlation";"Traffic"
2017;0.184041867714768;"Zranení"
2017;0.138267065334267;"Usmrtení"
2017;-0.0780727953136987;"Celková dopravná nehodovosť"
