"Year";"Correlation";"Traffic"
2016;0.0730510525142516;"Usmrtení"
2016;0.0697042031249281;"Celková dopravná nehodovosť"
2016;-0.0201137345939534;"Zranení"
