"Year";"Correlation";"Traffic"
2018;-0.0674596012229806;"Usmrtení"
2018;0.0634066010476819;"Celková dopravná nehodovosť"
2018;0.00118464353563137;"Zranení"
