"Year";"Correlation";"Traffic"
"2012-2014";-0.136318015795857;"Celková dopravná nehodovosť"
"2012-2014";-0.0561707556063068;"Usmrtení"
"2012-2014";-0.0535264740487087;"Zranení"
