"Year";"Correlation";"Traffic"
"2012-2014";-0.10938387600869;"Usmrtení"
"2012-2014";-0.0150785979215931;"Celková dopravná nehodovosť"
"2012-2014";-0.0135119567555117;"Zranení"
