"Year";"Correlation";"Traffic"
"2011-2013";0.128408041776091;"Celková dopravná nehodovosť"
"2011-2013";0.0885497244300339;"Zranení"
"2011-2013";0.0866200615662054;"Usmrtení"
