"Year";"Correlation"
2010;0.17860854955959
2011;0.0811400558815131
2012;0.150180330117571
2013;-0.00317650683038287
2014;-0.144789738538631
2015;-0.0917854792312251
2016;0.00265588475439193
