"Year";"Correlation";"Traffic"
"2013-2018";-0.067140540537199;"Celková dopravná nehodovosť"
"2013-2018";-0.0269340128758733;"Zranení"
"2013-2018";0.00909671019107305;"Usmrtení"
