"Year";"Correlation"
2010;0.0973444618211536
2011;0.233844667561196
2012;-0.0749061695321811
2013;0.233574121563041
2014;-0.00871484628669538
2015;0.112659144480324
2016;-0.0753057049467145
