"Year";"Correlation";"Traffic"
"2011-2016";-0.120306839082515;"Celková dopravná nehodovosť"
"2011-2016";-0.117311045580224;"Zranení"
"2011-2016";-0.0682132752759641;"Usmrtení"
