"Year";"Correlation"
2010;-0.045735347875959
2011;-0.0318139452279457
2012;-0.109224718326759
2013;-0.174082218004639
2014;-0.059701901066054
2015;-0.084681314141104
2016;0.0180532509355298
