"Year";"Correlation"
2010;0.0117251287582749
2011;-0.104391620904814
2012;-0.0870976350208061
2013;0.182436269216525
2014;-0.0156654546413452
2015;-0.028923727913873
2016;0.0693539537912416
