"Year";"Correlation";"Traffic"
"2014-2016";0.109091042126343;"Usmrtení"
"2014-2016";0.0899627862529065;"Celková dopravná nehodovosť"
"2014-2016";0.0556559077133995;"Zranení"
