"Year";"Correlation"
2010;0.0733845499479909
2011;-0.0896629036577821
2012;-0.103907803716132
2013;-0.0106380267908202
2014;-0.0671267902324084
2015;-0.178791926059144
2016;-0.226415122502451
