"Year";"Correlation";"Traffic"
"2010-2018";0.0735700734380253;"Zranení"
"2010-2018";0.0733755915329748;"Celková dopravná nehodovosť"
"2010-2018";0.00580184766915359;"Usmrtení"
