"Year";"Correlation";"Traffic"
"2013-2018";0.0905557801305718;"Usmrtení"
"2013-2018";-0.0349445349277025;"Celková dopravná nehodovosť"
"2013-2018";-0.0157830068807334;"Zranení"
