"Year";"Correlation"
2010;0.0433828665380922
2011;-0.204224428838185
2012;0.168261352765409
2013;0.104936567244938
2014;-0.214987857614139
2015;-0.463889388126985
2016;-0.302592065938708
