"Year";"Correlation";"Traffic"
"2012-2017";0.0802247882500797;"Usmrtení"
"2012-2017";-0.043340102779457;"Zranení"
"2012-2017";-0.0397672843227295;"Celková dopravná nehodovosť"
