"Year";"Correlation"
2010;-0.0528533085551295
2011;-0.0885963911854003
2012;-0.0273357438316286
2013;-0.158294507144265
2014;-0.0210936213261635
2015;0.0598681779509439
2016;0.0971907554917321
