"Year";"Correlation";"Traffic"
"2010-2012";-0.597171555633105;"Celková dopravná nehodovosť"
"2010-2012";0.232063169659162;"Usmrtení"
"2010-2012";-0.228421393317741;"Zranení"
