"Year";"Correlation";"Traffic"
2016;-0.172488456582418;"Usmrtení"
2016;-0.0119371776017244;"Zranení"
2016;0.00265588475439193;"Celková dopravná nehodovosť"
