"Year";"Correlation";"Traffic"
2013;0.126580061969512;"Usmrtení"
2013;-0.107619805912615;"Zranení"
2013;-0.00317650683038287;"Celková dopravná nehodovosť"
