"Year";"Correlation";"Traffic"
2011;-0.107436615664244;"Zranení"
2011;0.0811400558815131;"Celková dopravná nehodovosť"
2011;0.0652461538219249;"Usmrtení"
