"Year";"Correlation";"Traffic"
2012;0.160760748594125;"Zranení"
2012;0.150180330117571;"Celková dopravná nehodovosť"
2012;0.0625040545068882;"Usmrtení"
