"Year";"Correlation";"Traffic"
2015;-0.462723845439189;"Celková dopravná nehodovosť"
2015;-0.444278518449672;"Usmrtení"
2015;-0.249855661958572;"Zranení"
