"Year";"Correlation";"Traffic"
2010;-0.0861076074413387;"Zranení"
2010;0.0433828665380922;"Celková dopravná nehodovosť"
2010;-0.0204921809120297;"Usmrtení"
