"Year";"Correlation";"Traffic"
"2015-2017";0.13281363286743;"Usmrtení"
"2015-2017";-0.0818526097823068;"Celková dopravná nehodovosť"
"2015-2017";0.00222634920942812;"Zranení"
