"Year";"Correlation";"Traffic"
"2010-2015";-0.213085918277551;"Celková dopravná nehodovosť"
"2010-2015";-0.126487242105332;"Zranení"
"2010-2015";0.0258137712712214;"Usmrtení"
