"Year";"Correlation"
2010;0.1679219475058
2011;-0.00391601436939321
2012;0.160083712086468
2013;0.108773195109987
2014;0.119245728700817
2015;-0.0512093461132764
2016;-0.0226508370290865
2017;-0.246471849068186
2018;0.15548470901355
