"Year";"Correlation"
2010;0.105694691101748
2011;0.0509210917778159
2012;0.108577190498797
2013;-0.113789226245156
2014;0.0286136082064942
2015;-0.061478464594226
2016;0.063974184688747
