"Year";"Correlation";"Traffic"
"2013-2015";0.0131472487459711;"Zranení"
"2013-2015";-0.00246431926237715;"Celková dopravná nehodovosť"
"2013-2015";0.000307890823199346;"Usmrtení"
