"Year";"Correlation";"Traffic"
"2013-2015";-0.251282114444891;"Celková dopravná nehodovosť"
"2013-2015";-0.216398529155075;"Usmrtení"
"2013-2015";-0.09764029950505;"Zranení"
