"Year";"Correlation";"Traffic"
"2012-2014";-0.154256876814685;"Celková dopravná nehodovosť"
"2012-2014";-0.0717759242858531;"Usmrtení"
"2012-2014";-0.0572347119610963;"Zranení"
