"Year";"Correlation"
2010;0.186864245792478
2011;-0.162272106168498
2012;0.0787560910662399
2013;0.00271226347115372
2014;-0.321305700081633
2015;-0.181527796812709
2016;-0.214611023191935
