"Year";"Correlation"
2010;-0.0748947084595415
2011;-0.212115734903528
2012;-0.199726123456061
2013;-0.114847079894244
2014;-0.279961311021706
2015;0.0108421041347741
2016;-0.178104537860972
