"Year";"Correlation";"Traffic"
2010;0.14566440141236;"Zranení"
2010;0.105470613195729;"Usmrtení"
2010;0.0628842283688222;"Celková dopravná nehodovosť"
