"Year";"Correlation";"Traffic"
2017;0.165578107998505;"Zranení"
2017;-0.10181519611204;"Celková dopravná nehodovosť"
2017;0.0954648091503036;"Usmrtení"
