"Year";"Correlation";"Traffic"
2016;0.150599157727313;"Celková dopravná nehodovosť"
2016;0.063974184688747;"Usmrtení"
2016;0.0245949533106341;"Zranení"
