"Year";"Correlation"
2010;0.124408087930413
2011;0.136144887006181
2012;-0.174066423523153
2013;0.13622965473425
2014;0.215630913542699
2015;0.0213993225947436
2016;0.027578022265257
