"Year";"Correlation";"Traffic"
"2010-2012";-0.639573544476602;"Celková dopravná nehodovosť"
"2010-2012";-0.284249397326012;"Zranení"
"2010-2012";0.225175938469212;"Usmrtení"
