"Year";"Correlation";"Traffic"
"2013-2015";-0.206704985064955;"Celková dopravná nehodovosť"
"2013-2015";-0.159124434513504;"Usmrtení"
"2013-2015";0.000772379592715216;"Zranení"
