"Year";"Correlation";"Traffic"
"2015-2017";0.142532496340206;"Usmrtení"
"2015-2017";0.114607807607024;"Celková dopravná nehodovosť"
"2015-2017";0.097859143548929;"Zranení"
