"Year";"Correlation"
2010;0.073047613395245
2011;-0.0896625953667292
2012;-0.103908021915689
2013;-0.0126741350939028
2014;-0.0669119585282381
2015;-0.177261047131327
2016;-0.257588229024296
