"Year";"Correlation";"Traffic"
"2016-2018";-0.134795816474639;"Celková dopravná nehodovosť"
"2016-2018";-0.0534098744581338;"Zranení"
"2016-2018";-0.0292457458845692;"Usmrtení"
