"Year";"Correlation";"Traffic"
"2010-2012";-0.310149620991284;"Celková dopravná nehodovosť"
"2010-2012";-0.125918745886641;"Zranení"
"2010-2012";-0.0395458485321815;"Usmrtení"
