"Year";"Correlation"
2010;-0.0666706821743897
2011;-0.0893973079001001
2012;-0.177384447178557
2013;-0.164654187820683
2014;0.133678368434309
2015;0.108435414514422
2016;-0.0718037884405399
2017;0.263754669717291
2018;0.3235509053345
