"Year";"Correlation";"Traffic"
2017;0.152895306533096;"Usmrtení"
2017;-0.0812849597613432;"Celková dopravná nehodovosť"
2017;-0.0725379144217439;"Zranení"
