"Year";"Correlation";"Traffic"
2015;-0.463889388126985;"Celková dopravná nehodovosť"
2015;-0.447574708538304;"Usmrtení"
2015;-0.252790043633188;"Zranení"
