"Year";"Correlation";"Traffic"
2018;0.235010380114995;"Celková dopravná nehodovosť"
2018;0.1965809769879;"Zranení"
2018;0.0282943273641458;"Usmrtení"
