"Year";"Correlation";"Traffic"
"2011-2013";-0.065681478571276;"Usmrtení"
"2011-2013";-0.0428114022080707;"Celková dopravná nehodovosť"
"2011-2013";-0.00924746081842136;"Zranení"
