"Year";"Correlation";"Traffic"
"2016-2018";0.0985710277179259;"Usmrtení"
"2016-2018";0.0287774253277489;"Celková dopravná nehodovosť"
"2016-2018";0.0194351325602091;"Zranení"
