"Year";"Correlation"
2010;0.00264116043851016
2011;-0.155332607816046
2012;-0.176230353437234
2013;-0.181007925539868
2014;0.0271586016399327
2015;0.111265106584949
2016;-0.000474506827608844
2017;-0.00669999937821652
2018;-0.0605648855681561
