"Year";"Correlation";"Traffic"
"2013-2018";0.110272590707069;"Usmrtení"
"2013-2018";0.062773055105992;"Celková dopravná nehodovosť"
"2013-2018";0.0579397523315571;"Zranení"
