"Year";"Correlation";"Traffic"
"2014-2016";0.0667376288308933;"Usmrtení"
"2014-2016";-0.0453398384063042;"Zranení"
"2014-2016";0.00705001877561835;"Celková dopravná nehodovosť"
