"Year";"Correlation"
2010;0.0120913933903133
2011;-0.104362838636551
2012;-0.0875157037054164
2013;0.182091192572824
2014;-0.0155677522894864
2015;-0.028652995872958
2016;0.0697042031249281
2017;-0.0780727953136987
2018;0.0634066010476819
