"Year";"Correlation"
2010;-0.0204921809120297
2011;0.240433991238913
2012;0.0752641648937238
2013;0.10252992649908
2014;-0.129466199817652
2015;-0.447574708538304
2016;-0.136752845701175
