"Year";"Correlation";"Traffic"
2010;0.15940117912895;"Zranení"
2010;-0.158666792017607;"Celková dopravná nehodovosť"
2010;-0.139422990807649;"Usmrtení"
