"Year";"Correlation";"Traffic"
2016;0.100839000838403;"Usmrtení"
2016;0.0633308342739113;"Zranení"
2016;0.0176051103656954;"Celková dopravná nehodovosť"
