"Year";"Correlation";"Traffic"
2011;0.176274462902511;"Zranení"
2011;-0.0686125742995025;"Usmrtení"
2011;-0.0516814594269238;"Celková dopravná nehodovosť"
