"Year";"Correlation";"Traffic"
"2010-2018";-0.187807534203703;"Celková dopravná nehodovosť"
"2010-2018";-0.0966860228970541;"Zranení"
"2010-2018";0.0581456973407093;"Usmrtení"
