"Year";"Correlation";"Traffic"
"2016-2018";0.168064919266639;"Usmrtení"
"2016-2018";0.110833254588676;"Celková dopravná nehodovosť"
"2016-2018";0.0808471454219876;"Zranení"
