"Year";"Correlation";"Traffic"
"2015-2017";0.0682312692479118;"Usmrtení"
"2015-2017";0.0317761614482082;"Zranení"
"2015-2017";-0.0185681744949798;"Celková dopravná nehodovosť"
