"Year";"Correlation";"Traffic"
"2010-2012";-0.639577365313027;"Celková dopravná nehodovosť"
"2010-2012";-0.243591910909445;"Zranení"
"2010-2012";0.236215669220367;"Usmrtení"
