"Year";"Correlation";"Traffic"
"2011-2016";-0.09421445900546;"Celková dopravná nehodovosť"
"2011-2016";-0.0484025636591489;"Usmrtení"
"2011-2016";-0.0391748237189762;"Zranení"
