"Year";"Correlation";"Traffic"
"2010-2015";-0.256523230582142;"Celková dopravná nehodovosť"
"2010-2015";-0.13750538407781;"Zranení"
"2010-2015";-0.00246250880786311;"Usmrtení"
