"Year";"Correlation"
2010;-0.0753137356323885
2011;-0.212115366404753
2012;-0.199725102772911
2013;-0.113622809262499
2014;-0.280038610616839
2015;0.0105466601915286
2016;-0.111833221583196
