"Year";"Correlation";"Traffic"
"2010-2018";-0.0510257164044554;"Celková dopravná nehodovosť"
"2010-2018";-0.0148755419959893;"Zranení"
"2010-2018";-0.0102674092537469;"Usmrtení"
