"Year";"Correlation";"Traffic"
"2011-2016";-0.0858292025384873;"Celková dopravná nehodovosť"
"2011-2016";-0.080795368048147;"Zranení"
"2011-2016";0.0237931513942884;"Usmrtení"
