"Year";"Correlation";"Traffic"
"2010-2015";0.058614474116932;"Usmrtení"
"2010-2015";-0.0430383584058755;"Celková dopravná nehodovosť"
"2010-2015";-0.0194896507600118;"Zranení"
