"Year";"Correlation";"Traffic"
"2010-2012";-0.133002542194759;"Celková dopravná nehodovosť"
"2010-2012";0.111794872215878;"Usmrtení"
"2010-2012";-0.00665743323623135;"Zranení"
