"Year";"Correlation";"Traffic"
"2011-2016";0.0539623034989916;"Usmrtení"
"2011-2016";-0.0300341751888469;"Celková dopravná nehodovosť"
"2011-2016";-0.0274902683567366;"Zranení"
