"Year";"Correlation"
2010;-0.159303481559198
2011;0.00338019332941379
2012;-0.105388004377416
2013;-0.170283970066539
2014;-0.0778044711457377
2015;0.0755509390903341
2016;0.143288089168976
2017;0.145478676226709
2018;0.25154972691391
