"Year";"Correlation";"Traffic"
"2013-2018";0.112377463651049;"Usmrtení"
"2013-2018";-0.0556521804116967;"Zranení"
"2013-2018";-0.0445132359418252;"Celková dopravná nehodovosť"
