"Year";"Correlation";"Traffic"
"2013-2018";0.120116503792811;"Usmrtení"
"2013-2018";0.0508292082161583;"Zranení"
"2013-2018";0.040346650861701;"Celková dopravná nehodovosť"
