"Year";"Correlation";"Traffic"
"2010-2015";-0.651015080494304;"Celková dopravná nehodovosť"
"2010-2015";-0.329499726576368;"Zranení"
"2010-2015";-0.0343988120788938;"Usmrtení"
